1,2,3,4,5,6,1,4,5,3,3,2,3,4,2,3,0.1643,0.1,0.1,0.1,0.1,0.1,0.1,0.1,0.1,0.1,0.1,0.1,0.1,0.1,0.1,0.1,0.1,0.1,0.1,0.1,0.1,0.1,0.1,0.1,0.1,0.1,0.1,0.1,0.1,0.1,0.1,0.1,0.1,0.1,0.1,0.1,0.1,0.1,0.1,0.1,0.1,0.1,0.1,0.1,0.1,0.1,0.1,0.1,0.1,0.1,0.1,0.1,0.1,0.1,0.1,0.1,0.1,0.1,0.1,0.1,0.1,0.1,0.1,0.1,0.1,0.1,0.1,0.1,0.1,0.1,0.1,0.1,0.1,0.1,0.1,0.1,0.1,0.1,0.1,0.1,0.1,0.1
0.1,0.1,0.1,0.1,0.1,0.1,0.1,0.1,0.1,0.1,0.1,0.1,0.1,0.1,0.1,0.1,0.2286,0.1,0.1,0.1,0.1,0.1,0.1,0.1,0.1,0.1,0.1,0.1,0.1,0.1,0.1,0.1,0.1,0.1,0.1,0.1,0.1,0.1,0.1,0.1,0.1,0.1,0.1,0.1,0.1,0.1,0.1,0.1,0.1,0.1,0.1,0.1,0.1,0.1,0.1,0.1,0.1,0.1,0.1,0.1,0.1,0.1,0.1,0.1,0.1,0.1,0.1,0.1,0.1,0.1,0.1,0.1,0.1,0.1,0.1,0.1,0.1,0.1,0.1,0.1,0.1,0.1,0.1,0.1,0.1,0.1,0.1,0.1,0.1,0.1,0.1,0.1,0.1,0.1,0.1,0.1,0.1,0.1
0.1,0.1,0.1,0.1,0.1,0.1,0.1,0.1,0.1,0.1,0.1,0.1,0.1,0.1,0.1,0.1,0.2929,0.1,0.1,0.1,0.1,0.1,0.1,0.1,0.1,0.1,0.1,0.1,0.1,0.1,0.1,0.1,0.1,0.1,0.1,0.1,0.1,0.1,0.1,0.1,0.1,0.1,0.1,0.1,0.1,0.1,0.1,0.1,0.1,0.1,0.1,0.1,0.1,0.1,0.1,0.1,0.1,0.1,0.1,0.1,0.1,0.1,0.1,0.1,0.1,0.1,0.1,0.1,0.1,0.1,0.1,0.1,0.1,0.1,0.1,0.1,0.1,0.1,0.1,0.1,0.1,0.1,0.1,0.1,0.1,0.1,0.1,0.1,0.1,0.1,0.1,0.1,0.1,0.1,0.1,0.1,0.1,0.1
0.1,0.1,0.1,0.1,0.1,0.1,0.1,0.1,0.1,0.1,0.1,0.1,0.1,0.1,0.1,0.1,0.3571,0.1,0.1,0.1,0.1,0.1,0.1,0.1,0.1,0.1,0.1,0.1,0.1,0.1,0.1,0.1,0.1,0.1,0.1,0.1,0.1,0.1,0.1,0.1,0.1,0.1,0.1,0.1,0.1,0.1,0.1,0.1,0.1,0.1,0.1,0.1,0.1,0.1,0.1,0.1,0.1,0.1,0.1,0.1,0.1,0.1,0.1,0.1,0.1,0.1,0.1,0.1,0.1,0.1,0.1,0.1,0.1,0.1,0.1,0.1,0.1,0.1,0.1,0.1,0.1,0.1,0.1,0.1,0.1,0.1,0.1,0.1,0.1,0.1,0.1,0.1,0.1,0.1,0.1,0.1,0.1,0.1
0.1,0.1,0.1,0.1,0.1,0.1,0.1,0.1,0.1,0.1,0.1,0.1,0.1,0.1,0.1,0.1,0.4214,0.1,0.1,0.1,0.1,0.1,0.1,0.1,0.1,0.1,0.1,0.1,0.1,0.1,0.1,0.1,0.1,0.1,0.1,0.1,0.1,0.1,0.1,0.1,0.1,0.1,0.1,0.1,0.1,0.1,0.1,0.1,0.1,0.1,0.1,0.1,0.1,0.1,0.1,0.1,0.1,0.1,0.1,0.1,0.1,0.1,0.1,0.1,0.1,0.1,0.1,0.1,0.1,0.1,0.1,0.1,0.1,0.1,0.1,0.1,0.1,0.1,0.1,0.1,0.1,0.1,0.1,0.1,0.1,0.1,0.1,0.1,0.1,0.1,0.1,0.1,0.1,0.1,0.1,0.1,0.1,0.1
0.1,0.1,0.1,0.1,0.1,0.1,0.1,0.1,0.1,0.1,0.1,0.1,0.1,0.1,0.1,0.1,0.4857,0.1,0.1,0.1,0.1,0.1,0.1,0.1,0.1,0.1,0.1,0.1,0.1,0.1,0.1,0.1,0.1,0.1,0.1,0.1,0.1,0.1,0.1,0.1,0.1,0.1,0.1,0.1,0.1,0.1,0.1,0.1,0.1,0.1,0.1,0.1,0.1,0.1,0.1,0.1,0.1,0.1,0.1,0.1,0.1,0.1,0.1,0.1,0.1,0.1,0.1,0.1,0.1,0.1,0.1,0.1,0.1,0.1,0.1,0.1,0.1,0.1,0.1,0.1,0.1,0.1,0.1,0.1,0.1,0.1,0.1,0.1,0.1,0.1,0.1,0.1,0.1,0.1,0.1,0.1,0.1,0.1
0.1,0.1,0.1,0.1,0.1,0.1,0.1,0.1,0.1,0.1,0.1,0.1,0.1,0.1,0.1,0.1,0.55,0.1,0.1,0.1,0.1,0.1,0.1,0.1,0.1,0.1,0.1,0.1,0.1,0.1,0.1,0.1,0.1,0.1,0.1,0.1,0.1,0.1,0.1,0.1,0.1,0.1,0.1,0.1,0.1,0.1,0.1,0.1,0.1,0.1,0.1,0.1,0.1,0.1,0.1,0.1,0.1,0.1,0.1,0.1,0.1,0.1,0.1,0.1,0.1,0.1,0.1,0.1,0.1,0.1,0.1,0.1,0.1,0.1,0.1,0.1,0.1,0.1,0.1,0.1,0.1,0.1,0.1,0.1,0.1,0.1,0.1,0.1,0.1,0.1,0.1,0.1,0.1,0.1,0.1,0.1,0.1,0.1
0.1,0.1,0.1,0.1,0.1,0.1,0.1,0.1,0.1,0.1,0.1,0.1,0.1,0.1,0.1,0.1,0.6143,0.1,0.1,0.1,0.1,0.1,0.1,0.1,0.1,0.1,0.1,0.1,0.1,0.1,0.1,0.1,0.1,0.1,0.1,0.1,0.1,0.1,0.1,0.1,0.1,0.1,0.1,0.1,0.1,0.1,0.1,0.1,0.1,0.1,0.1,0.1,0.1,0.1,0.1,0.1,0.1,0.1,0.1,0.1,0.1,0.1,0.1,0.1,0.1,0.1,0.1,0.1,0.1,0.1,0.1,0.1,0.1,0.1,0.1,0.1,0.1,0.1,0.1,0.1,0.1,0.1,0.1,0.1,0.1,0.1,0.1,0.1,0.1,0.1,0.1,0.1,0.1,0.1,0.1,0.1,0.1,0.1
0.1,0.1,0.1,0.1,0.1,0.1,0.1,0.1,0.1,0.1,0.1,0.1,0.1,0.1,0.1,0.1,0.6786,0.1,0.1,0.1,0.1,0.1,0.1,0.1,0.1,0.1,0.1,0.1,0.1,0.1,0.1,0.1,0.1,0.1,0.1,0.1,0.1,0.1,0.1,0.1,0.1,0.1,0.1,0.1,0.1,0.1,0.1,0.1,0.1,0.1,0.1,0.1,0.1,0.1,0.1,0.1,0.1,0.1,0.1,0.1,0.1,0.1,0.1,0.1,0.1,0.1,0.1,0.1,0.1,0.1,0.1,0.1,0.1,0.1,0.1,0.1,0.1,0.1,0.1,0.1,0.1,0.1,0.1,0.1,0.1,0.1,0.1,0.1,0.1,0.1,0.1,0.1,0.1,0.1,0.1,0.1,0.1,0.1
0.1,0.1,0.1,0.1,0.1,0.1,0.1,0.1,0.1,0.1,0.1,0.1,0.1,0.1,0.1,0.1,0.7429,0.1,0.1,0.1,0.1,0.1,0.1,0.1,0.1,0.1,0.1,0.1,0.1,0.1,0.1,0.1,0.1,0.1,0.1,0.1,0.1,0.1,0.1,0.1,0.1,0.1,0.1,0.1,0.1,0.1,0.1,0.1,0.1,0.1,0.1,0.1,0.1,0.1,0.1,0.1,0.1,0.1,0.1,0.1,0.1,0.1,0.1,0.1,0.1,0.1,0.1,0.1,0.1,0.1,0.1,0.1,0.1,0.1,0.1,0.1,0.1,0.1,0.1,0.1,0.1,0.1,0.1,0.1,0.1,0.1,0.1,0.1,0.1,0.1,0.1,0.1,0.1,0.1,0.1,0.1,0.1,0.1
0.1,0.1,0.1,0.1,0.1,0.1,0.1,0.1,0.1,0.1,0.1,0.1,0.1,0.1,0.1,0.1,0.8071,0.1,0.1,0.1,0.1,0.1,0.1,0.1,0.1,0.1,0.1,0.1,0.1,0.1,0.1,0.1,0.1,0.1,0.1,0.1,0.1,0.1,0.1,0.1,0.1,0.1,0.1,0.1,0.1,0.1,0.1,0.1,0.1,0.1,0.1,0.1,0.1,0.1,0.1,0.1,0.1,0.1,0.1,0.1,0.1,0.1,0.1,0.1,0.1,0.1,0.1,0.1,0.1,0.1,0.1,0.1,0.1,0.1,0.1,0.1,0.1,0.1,0.1,0.1,0.1,0.1,0.1,0.1,0.1,0.1,0.1,0.1,0.1,0.1,0.1,0.1,0.1,0.1,0.1,0.1,0.1,0.1
0.1,0.1,0.1,0.1,0.1,0.1,0.1,0.1,0.1,0.1,0.1,0.1,0.1,0.1,0.1,0.1,0.8714,0.1,0.1,0.1,0.1,0.1,0.1,0.1,0.1,0.1,0.1,0.1,0.1,0.1,0.1,0.1,0.1,0.1,0.1,0.1,0.1,0.1,0.1,0.1,0.1,0.1,0.1,0.1,0.1,0.1,0.1,0.1,0.1,0.1,0.1,0.1,0.1,0.1,0.1,0.1,0.1,0.1,0.1,0.1,0.1,0.1,0.1,0.1,0.1,0.1,0.1,0.1,0.1,0.1,0.1,0.1,0.1,0.1,0.1,0.1,0.1,0.1,0.1,0.1,0.1,0.1,0.1,0.1,0.1,0.1,0.1,0.1,0.1,0.1,0.1,0.1,0.1,0.1,0.1,0.1,0.1,0.1
0.1,0.1,0.1,0.1,0.1,0.1,0.1,0.1,0.1,0.1,0.1,0.1,0.1,0.1,0.1,0.1,0.9357,0.1,0.1,0.1,0.1,0.1,0.1,0.1,0.1,0.1,0.1,0.1,0.1,0.1,0.1,0.1,0.1,0.1,0.1,0.1,0.1,0.1,0.1,0.1,0.1,0.1,0.1,0.1,0.1,0.1,0.1,0.1,0.1,0.1,0.1,0.1,0.1,0.1,0.1,0.1,0.1,0.1,0.1,0.1,0.1,0.1,0.1,0.1,0.1,0.1,0.1,0.1,0.1,0.1,0.1,0.1,0.1,0.1,0.1,0.1,0.1,0.1,0.1,0.1,0.1,0.1,0.1,0.1,0.1,0.1,0.1,0.1,0.1,0.1,0.1,0.1,0.1,0.1,0.1,0.1,0.1,0.1
0.1,0.1,0.1,0.1,0.1,0.1,0.1,0.1,0.1,0.1,0.1,0.1,0.1,0.1,0.1,0.1,1,0.1,0.1,0.1,0.1,0.1,0.1,0.1,0.1,0.1,0.1,0.1,0.1,0.1,0.1,0.1,0.1,0.1,0.1,0.1,0.1,0.1,0.1,0.1,0.1,0.1,0.1,0.1,0.1,0.1,0.1,0.1,0.1,0.1,0.1,0.1,0.1,0.1,0.1,0.1,0.1,0.1,0.1,0.1,0.1,0.1,0.1,0.1,0.1,0.1,0.1,0.1,0.1,0.1,0.1,0.1,0.1,0.1,0.1,0.1,0.1,0.1,0.1,0.1,0.1,0.1,0.1,0.1,0.1,0.1,0.1,0.1,0.1,0.1,0.1,0.1,0.1,0.1,0.1,0.1,0.1,0.1
0,0,0,0,0,0,0,0,0,0.0067,0,0,0,0,0,0.0067,1,0.0067,0,0,0,0,0,0.0067,0,0,0,0,0,0,0,0,0,0,0,0,0,0,0,0,0,0,0,0,0,0,0,0,0,0,0,0,0,0,0,0,0,0,0,0,0,0,0,0,0,0,0,0,0,0,0,0,0,0,0,0,0,0,0,0,0,0,0,0,0,0,0,0,0,0,0,0,0,0,0,0,0,0
0,0,0,0,0,0,0,0,0.0001,0.0115,0.0001,0,0,0,0,0.0115,1,0.0115,0,0,0,0,0.0001,0.0115,0.0001,0,0,0,0,0,0,0,0,0,0,0,0,0,0,0,0,0,0,0,0,0,0,0,0,0,0,0,0,0,0,0,0,0,0,0,0,0,0,0,0,0,0,0,0,0,0,0,0,0,0,0,0,0,0,0,0,0,0,0,0,0,0,0,0,0,0,0,0,0,0,0,0,0
0,0,0,0,0,0,0,0,0.0003,0.0176,0.0003,0,0,0,0,0.0176,1,0.0176,0,0,0,0,0.0003,0.0176,0.0003,0,0,0,0,0,0,0,0,0,0,0,0,0,0,0,0,0,0,0,0,0,0,0,0,0,0,0,0,0,0,0,0,0,0,0,0,0,0,0,0,0,0,0,0,0,0,0,0,0,0,0,0,0,0,0,0,0,0,0,0,0,0,0,0,0,0,0,0,0,0,0,0,0
0,0,0,0,0,0,0,0,0.0006,0.025,0.0006,0,0,0,0,0.025,1,0.025,0,0,0,0,0.0006,0.025,0.0006,0,0,0,0,0,0,0,0,0,0,0,0,0,0,0,0,0,0,0,0,0,0,0,0,0,0,0,0,0,0,0,0,0,0,0,0,0,0,0,0,0,0,0,0,0,0,0,0,0,0,0,0,0,0,0,0,0,0,0,0,0,0,0,0,0,0,0,0,0,0,0,0,0
0,0,0,0,0,0,0,0,0.0011,0.0337,0.0011,0,0,0,0,0.0337,1,0.0337,0,0,0,0,0.0011,0.0337,0.0011,0,0,0,0,0,0,0,0,0,0,0,0,0,0,0,0,0,0,0,0,0,0,0,0,0,0,0,0,0,0,0,0,0,0,0,0,0,0,0,0,0,0,0,0,0,0,0,0,0,0,0,0,0,0,0,0,0,0,0,0,0,0,0,0,0,0,0,0,0,0,0,0,0
0,0,0,0,0,0,0,0,0.0019,0.0434,0.0019,0,0,0,0,0.0434,1,0.0434,0,0,0,0,0.0019,0.0434,0.0019,0,0,0,0,0,0,0,0,0,0,0,0,0,0,0,0,0,0,0,0,0,0,0,0,0,0,0,0,0,0,0,0,0,0,0,0,0,0,0,0,0,0,0,0,0,0,0,0,0,0,0,0,0,0,0,0,0,0,0,0,0,0,0,0,0,0,0,0,0,0,0,0,0
0,0,0,0,0,0,0,0,0.0029,0.0539,0.0029,0,0,0,0,0.0539,1,0.0539,0,0,0,0,0.0029,0.0539,0.0029,0,0,0,0,0,0,0,0,0,0,0,0,0,0,0,0,0,0,0,0,0,0,0,0,0,0,0,0,0,0,0,0,0,0,0,0,0,0,0,0,0,0,0,0,0,0,0,0,0,0,0,0,0,0,0,0,0,0,0,0,0,0,0,0,0,0,0,0,0,0,0,0,0
0,0,0,0,0,0,0,0,0.0042,0.0651,0.0042,0,0,0,0,0.0651,1,0.0651,0,0,0,0,0.0042,0.0651,0.0042,0,0,0,0,0,0,0,0,0,0,0,0,0,0,0,0,0,0,0,0,0,0,0,0,0,0,0,0,0,0,0,0,0,0,0,0,0,0,0,0,0,0,0,0,0,0,0,0,0,0,0,0,0,0,0,0,0,0,0,0,0,0,0,0,0,0,0,0,0,0,0,0,0
0,0,0,0,0,0,0,0,0.0059,0.0769,0.0059,0,0,0,0,0.0769,1,0.0769,0,0,0,0,0.0059,0.0769,0.0059,0,0,0,0,0,0,0,0,0,0,0,0,0,0,0,0,0,0,0,0,0,0,0,0,0,0,0,0,0,0,0,0,0,0,0,0,0,0,0,0,0,0,0,0,0,0,0,0,0,0,0,0,0,0,0,0,0,0,0,0,0,0,0,0,0,0,0,0,0,0,0,0,0
0,0,0.0001,0,0,0,0,0,0.0079,0.0891,0.0079,0,0,0,0.0001,0.0891,1,0.0891,0.0001,0,0,0,0.0079,0.0891,0.0079,0,0,0,0,0,0.0001,0,0,0,0,0,0,0,0,0,0,0,0,0,0,0,0,0,0,0,0,0,0,0,0,0,0,0,0,0,0,0,0,0,0,0,0,0,0,0,0,0,0,0,0,0,0,0,0,0,0,0,0,0,0,0,0,0,0,0,0,0,0,0,0,0,0,0
0,0,0.0001,0,0,0,0,0,0.0103,0.1016,0.0103,0,0,0,0.0001,0.1016,1,0.1016,0.0001,0,0,0,0.0103,0.1016,0.0103,0,0,0,0,0,0.0001,0,0,0,0,0,0,0,0,0,0,0,0,0,0,0,0,0,0,0,0,0,0,0,0,0,0,0,0,0,0,0,0,0,0,0,0,0,0,0,0,0,0,0,0,0,0,0,0,0,0,0,0,0,0,0,0,0,0,0,0,0,0,0,0,0,0,0
0,0,0.0002,0,0,0,0,0,0.0131,0.1143,0.0131,0,0,0,0.0002,0.1143,1,0.1143,0.0002,0,0,0,0.0131,0.1143,0.0131,0,0,0,0,0,0.0002,0,0,0,0,0,0,0,0,0,0,0,0,0,0,0,0,0,0,0,0,0,0,0,0,0,0,0,0,0,0,0,0,0,0,0,0,0,0,0,0,0,0,0,0,0,0,0,0,0,0,0,0,0,0,0,0,0,0,0,0,0,0,0,0,0,0,0
0,0,0.0003,0,0,0,0,0,0.0161,0.1271,0.0161,0,0,0,0.0003,0.1271,1,0.1271,0.0003,0,0,0,0.0161,0.1271,0.0161,0,0,0,0,0,0.0003,0,0,0,0,0,0,0,0,0,0,0,0,0,0,0,0,0,0,0,0,0,0,0,0,0,0,0,0,0,0,0,0,0,0,0,0,0,0,0,0,0,0,0,0,0,0,0,0,0,0,0,0,0,0,0,0,0,0,0,0,0,0,0,0,0,0,0
0,0.0001,0.0004,0.0001,0,0,0,0.0001,0.0196,0.1399,0.0196,0.0001,0,0,0.0004,0.1399,1,0.1399,0.0004,0,0,0.0001,0.0196,0.1399,0.0196,0.0001,0,0,0,0.0001,0.0004,0.0001,0,0,0,0,0,0,0,0,0,0,0,0,0,0,0,0,0,0,0,0,0,0,0,0,0,0,0,0,0,0,0,0,0,0,0,0,0,0,0,0,0,0,0,0,0,0,0,0,0,0,0,0,0,0,0,0,0,0,0,0,0,0,0,0,0,0
0,0.0001,0.0005,0.0001,0,0,0,0.0001,0.0233,0.1527,0.0233,0.0001,0,0,0.0005,0.1527,1,0.1527,0.0005,0,0,0.0001,0.0233,0.1527,0.0233,0.0001,0,0,0,0.0001,0.0005,0.0001,0,0,0,0,0,0,0,0,0,0,0,0,0,0,0,0,0,0,0,0,0,0,0,0,0,0,0,0,0,0,0,0,0,0,0,0,0,0,0,0,0,0,0,0,0,0,0,0,0,0,0,0,0,0,0,0,0,0,0,0,0,0,0,0,0,0
0,0.0001,0.0008,0.0001,0,0,0,0.0001,0.0274,0.1655,0.0274,0.0001,0,0,0.0008,0.1655,1,0.1655,0.0008,0,0,0.0001,0.0274,0.1655,0.0274,0.0001,0,0,0,0.0001,0.0008,0.0001,0,0,0,0,0,0,0,0,0,0,0,0,0,0,0,0,0,0,0,0,0,0,0,0,0,0,0,0,0,0,0,0,0,0,0,0,0,0,0,0,0,0,0,0,0,0,0,0,0,0,0,0,0,0,0,0,0,0,0,0,0,0,0,0,0,0
0,0.0002,0.001,0.0002,0,0,0,0.0002,0.0317,0.1781,0.0317,0.0002,0,0,0.001,0.1781,1,0.1781,0.001,0,0,0.0002,0.0317,0.1781,0.0317,0.0002,0,0,0,0.0002,0.001,0.0002,0,0,0,0,0,0,0,0,0,0,0,0,0,0,0,0,0,0,0,0,0,0,0,0,0,0,0,0,0,0,0,0,0,0,0,0,0,0,0,0,0,0,0,0,0,0,0,0,0,0,0,0,0,0,0,0,0,0,0,0,0,0,0,0,0,0
0,0.0003,0.0013,0.0003,0,0,0,0.0003,0.0363,0.1907,0.0363,0.0003,0,0,0.0013,0.1907,1,0.1907,0.0013,0,0,0.0003,0.0363,0.1907,0.0363,0.0003,0,0,0,0.0003,0.0013,0.0003,0,0,0,0,0,0,0,0,0,0,0,0,0,0,0,0,0,0,0,0,0,0,0,0,0,0,0,0,0,0,0,0,0,0,0,0,0,0,0,0,0,0,0,0,0,0,0,0,0,0,0,0,0,0,0,0,0,0,0,0,0,0,0,0,0,0
0,0.0003,0.0017,0.0003,0,0,0,0.0003,0.0412,0.203,0.0412,0.0003,0,0,0.0017,0.203,1,0.203,0.0017,0,0,0.0003,0.0412,0.203,0.0412,0.0003,0,0,0,0.0003,0.0017,0.0003,0,0,0,0,0,0,0,0,0,0,0,0,0,0,0,0,0,0,0,0,0,0,0,0,0,0,0,0,0,0,0,0,0,0,0,0,0,0,0,0,0,0,0,0,0,0,0,0,0,0,0,0,0,0,0,0,0,0,0,0,0,0,0,0,0,0
0,0.0005,0.0021,0.0005,0,0,0,0.0005,0.0463,0.2151,0.0463,0.0005,0,0,0.0021,0.2151,1,0.2151,0.0021,0,0,0.0005,0.0463,0.2151,0.0463,0.0005,0,0,0,0.0005,0.0021,0.0005,0,0,0,0,0,0,0,0,0,0,0,0,0,0,0,0,0,0,0,0,0,0,0,0,0,0,0,0,0,0,0,0,0,0,0,0,0,0,0,0,0,0,0,0,0,0,0,0,0,0,0,0,0,0,0,0,0,0,0,0,0,0,0,0,0,0
0,0.0006,0.0027,0.0006,0,0,0,0.0006,0.0516,0.2271,0.0516,0.0006,0,0,0.0027,0.2271,1,0.2271,0.0027,0,0,0.0006,0.0516,0.2271,0.0516,0.0006,0,0,0,0.0006,0.0027,0.0006,0,0,0,0,0,0,0,0,0,0,0,0,0,0,0,0,0,0,0,0,0,0,0,0,0,0,0,0,0,0,0,0,0,0,0,0,0,0,0,0,0,0,0,0,0,0,0,0,0,0,0,0,0,0,0,0,0,0,0,0,0,0,0,0,0,0
0,0.0008,0.0033,0.0008,0,0,0,0.0008,0.057,0.2388,0.057,0.0008,0,0,0.0033,0.2388,1,0.2388,0.0033,0,0,0.0008,0.057,0.2388,0.057,0.0008,0,0,0,0.0008,0.0033,0.0008,0,0,0,0,0,0,0,0,0,0,0,0,0,0,0,0,0,0,0,0,0,0,0,0,0,0,0,0,0,0,0,0,0,0,0,0,0,0,0,0,0,0,0,0,0,0,0,0,0,0,0,0,0,0,0,0,0,0,0,0,0,0,0,0,0,0
0,0.001,0.0039,0.001,0,0,0,0.001,0.0627,0.2503,0.0627,0.001,0,0,0.0039,0.2503,1,0.2503,0.0039,0,0,0.001,0.0627,0.2503,0.0627,0.001,0,0,0,0.001,0.0039,0.001,0,0,0,0,0,0,0,0,0,0,0,0,0,0,0,0,0,0,0,0,0,0,0,0,0,0,0,0,0,0,0,0,0,0,0,0,0,0,0,0,0,0,0,0,0,0,0,0,0,0,0,0,0,0,0,0,0,0,0,0,0,0,0,0,0,0
0,0.0012,0.0047,0.0012,0,0,0,0.0012,0.0684,0.2616,0.0684,0.0012,0,0,0.0047,0.2616,1,0.2616,0.0047,0,0,0.0012,0.0684,0.2616,0.0684,0.0012,0,0,0,0.0012,0.0047,0.0012,0,0,0,0,0,0,0,0,0,0,0,0,0,0,0,0,0,0,0,0,0,0,0,0,0,0,0,0,0,0,0,0,0,0,0,0,0,0,0,0,0,0,0,0,0,0,0,0,0,0,0,0,0,0,0,0,0,0,0,0,0,0,0,0,0,0
0,0.0015,0.0055,0.0015,0,0,0,0.0015,0.0743,0.2727,0.0743,0.0015,0,0,0.0055,0.2727,1,0.2727,0.0055,0,0,0.0015,0.0743,0.2727,0.0743,0.0015,0,0,0,0.0015,0.0055,0.0015,0,0,0,0,0,0,0,0,0,0,0,0,0,0,0,0,0,0,0,0,0,0,0,0,0,0,0,0,0,0,0,0,0,0,0,0,0,0,0,0,0,0,0,0,0,0,0,0,0,0,0,0,0,0,0,0,0,0,0,0,0,0,0,0,0,0
0,0.0018,0.0065,0.0018,0,0,0,0.0018,0.0803,0.2835,0.0803,0.0018,0,0,0.0065,0.2835,1,0.2835,0.0065,0,0,0.0018,0.0803,0.2835,0.0803,0.0018,0,0,0,0.0018,0.0065,0.0018,0,0,0,0,0,0,0,0,0,0,0,0,0,0,0,0,0,0,0,0,0,0,0,0,0,0,0,0,0,0,0,0,0,0,0,0,0,0,0,0,0,0,0,0,0,0,0,0,0,0,0,0,0,0,0,0,0,0,0,0,0,0,0,0,0,0
0.0001,0.0022,0.0075,0.0022,0.0001,0,0,0.0022,0.0865,0.294,0.0865,0.0022,0,0,0.0075,0.294,1,0.294,0.0075,0,0,0.0022,0.0865,0.294,0.0865,0.0022,0,0,0.0001,0.0022,0.0075,0.0022,0.0001,0,0,0,0,0,0,0,0,0,0,0,0,0,0,0,0,0,0,0,0,0,0,0,0,0,0,0,0,0,0,0,0,0,0,0,0,0,0,0,0,0,0,0,0,0,0,0,0,0,0,0,0,0,0,0,0,0,0,0,0,0,0,0,0,0
0.0001,0.0026,0.0086,0.0026,0.0001,0,0,0.0026,0.0926,0.3044,0.0926,0.0026,0,0,0.0086,0.3044,1,0.3044,0.0086,0,0,0.0026,0.0926,0.3044,0.0926,0.0026,0,0,0.0001,0.0026,0.0086,0.0026,0.0001,0,0,0,0,0,0,0,0,0,0,0,0,0,0,0,0,0,0,0,0,0,0,0,0,0,0,0,0,0,0,0,0,0,0,0,0,0,0,0,0,0,0,0,0,0,0,0,0,0,0,0,0,0,0,0,0,0,0,0,0,0,0,0,0,0
0.0001,0.0031,0.0098,0.0031,0.0001,0,0,0.0031,0.0989,0.3145,0.0989,0.0031,0,0,0.0098,0.3145,1,0.3145,0.0098,0,0,0.0031,0.0989,0.3145,0.0989,0.0031,0,0,0.0001,0.0031,0.0098,0.0031,0.0001,0,0,0,0,0,0,0,0,0,0,0,0,0,0,0,0,0,0,0,0,0,0,0,0,0,0,0,0,0,0,0,0,0,0,0,0,0,0,0,0,0,0,0,0,0,0,0,0,0,0,0,0,0,0,0,0,0,0,0,0,0,0,0,0,0
0.0001,0.0036,0.0111,0.0036,0.0001,0,0,0.0036,0.1052,0.3243,0.1052,0.0036,0,0,0.0111,0.3243,1,0.3243,0.0111,0,0,0.0036,0.1052,0.3243,0.1052,0.0036,0,0,0.0001,0.0036,0.0111,0.0036,0.0001,0,0,0,0,0,0,0,0,0,0,0,0,0,0,0,0,0,0,0,0,0,0,0,0,0,0,0,0,0,0,0,0,0,0,0,0,0,0,0,0,0,0,0,0,0,0,0,0,0,0,0,0,0,0,0,0,0,0,0,0,0,0,0,0,0
0.0002,0.0042,0.0124,0.0042,0.0002,0,0,0.0042,0.1115,0.334,0.1115,0.0042,0,0,0.0124,0.334,1,0.334,0.0124,0.0001,0,0.0042,0.1115,0.334,0.1115,0.0042,0,0,0.0002,0.0042,0.0124,0.0042,0.0002,0,0,0,0,0.0001,0,0,0,0,0,0,0,0,0,0,0,0,0,0,0,0,0,0,0,0,0,0,0,0,0,0,0,0,0,0,0,0,0,0,0,0,0,0,0,0,0,0,0,0,0,0,0,0,0,0,0,0,0,0,0,0,0,0,0,0
0.0002,0.0048,0.0139,0.0048,0.0002,0,0,0.0048,0.1179,0.3434,0.1179,0.0048,0,0,0.0139,0.3434,1,0.3434,0.0139,0.0001,0,0.0048,0.1179,0.3434,0.1179,0.0048,0,0,0.0002,0.0048,0.0139,0.0048,0.0002,0,0,0,0,0.0001,0,0,0,0,0,0,0,0,0,0,0,0,0,0,0,0,0,0,0,0,0,0,0,0,0,0,0,0,0,0,0,0,0,0,0,0,0,0,0,0,0,0,0,0,0,0,0,0,0,0,0,0,0,0,0,0,0,0,0,0
0.0002,0.0055,0.0155,0.0055,0.0002,0,0,0.0055,0.1243,0.3526,0.1243,0.0055,0,0,0.0155,0.3526,1,0.3526,0.0155,0.0001,0,0.0055,0.1243,0.3526,0.1243,0.0055,0,0,0.0002,0.0055,0.0155,0.0055,0.0002,0,0,0,0,0.0001,0,0,0,0,0,0,0,0,0,0,0,0,0,0,0,0,0,0,0,0,0,0,0,0,0,0,0,0,0,0,0,0,0,0,0,0,0,0,0,0,0,0,0,0,0,0,0,0,0,0,0,0,0,0,0,0,0,0,0,0
0.0003,0.0062,0.0171,0.0062,0.0003,0,0,0.0062,0.1307,0.3616,0.1307,0.0062,0,0,0.0171,0.3616,1,0.3616,0.0171,0.0001,0,0.0062,0.1307,0.3616,0.1307,0.0062,0,0,0.0003,0.0062,0.0171,0.0062,0.0003,0,0,0,0,0.0001,0,0,0,0,0,0,0,0,0,0,0,0,0,0,0,0,0,0,0,0,0,0,0,0,0,0,0,0,0,0,0,0,0,0,0,0,0,0,0,0,0,0,0,0,0,0,0,0,0,0,0,0,0,0,0,0,0,0,0,0
0.0004,0.007,0.0188,0.007,0.0004,0,0,0.007,0.1372,0.3704,0.1372,0.007,0,0,0.0188,0.3704,1,0.3704,0.0188,0.0001,0,0.007,0.1372,0.3704,0.1372,0.007,0,0,0.0004,0.007,0.0188,0.007,0.0004,0,0,0,0,0.0001,0,0,0,0,0,0,0,0,0,0,0,0,0,0,0,0,0,0,0,0,0,0,0,0,0,0,0,0,0,0,0,0,0,0,0,0,0,0,0,0,0,0,0,0,0,0,0,0,0,0,0,0,0,0,0,0,0,0,0,0
0.0004,0.0078,0.0206,0.0078,0.0004,0,0,0.0078,0.1436,0.3789,0.1436,0.0078,0.0001,0,0.0206,0.3789,1,0.3789,0.0206,0.0002,0,0.0078,0.1436,0.3789,0.1436,0.0078,0.0001,0,0.0004,0.0078,0.0206,0.0078,0.0004,0,0,0,0.0001,0.0002,0.0001,0,0,0,0,0,0,0,0,0,0,0,0,0,0,0,0,0,0,0,0,0,0,0,0,0,0,0,0,0,0,0,0,0,0,0,0,0,0,0,0,0,0,0,0,0,0,0,0,0,0,0,0,0,0,0,0,0,0,0
0.0005,0.0087,0.0225,0.0087,0.0005,0,0,0.0087,0.15,0.3873,0.15,0.0087,0.0001,0,0.0225,0.3873,1,0.3873,0.0225,0.0002,0,0.0087,0.15,0.3873,0.15,0.0087,0.0001,0,0.0005,0.0087,0.0225,0.0087,0.0005,0,0,0,0.0001,0.0002,0.0001,0,0,0,0,0,0,0,0,0,0,0,0,0,0,0,0,0,0,0,0,0,0,0,0,0,0,0,0,0,0,0,0,0,0,0,0,0,0,0,0,0,0,0,0,0,0,0,0,0,0,0,0,0,0,0,0,0,0,0
0.0006,0.0097,0.0245,0.0097,0.0006,0,0,0.0097,0.1564,0.3955,0.1564,0.0097,0.0001,0,0.0245,0.3955,1,0.3955,0.0245,0.0002,0,0.0097,0.1564,0.3955,0.1564,0.0097,0.0001,0,0.0006,0.0097,0.0245,0.0097,0.0006,0,0,0,0.0001,0.0002,0.0001,0,0,0,0,0,0,0,0,0,0,0,0,0,0,0,0,0,0,0,0,0,0,0,0,0,0,0,0,0,0,0,0,0,0,0,0,0,0,0,0,0,0,0,0,0,0,0,0,0,0,0,0,0,0,0,0,0,0,0
0.0007,0.0107,0.0265,0.0107,0.0007,0,0,0.0107,0.1628,0.4035,0.1628,0.0107,0.0001,0,0.0265,0.4035,1,0.4035,0.0265,0.0003,0,0.0107,0.1628,0.4035,0.1628,0.0107,0.0001,0,0.0007,0.0107,0.0265,0.0107,0.0007,0,0,0,0.0001,0.0003,0.0001,0,0,0,0,0,0,0,0,0,0,0,0,0,0,0,0,0,0,0,0,0,0,0,0,0,0,0,0,0,0,0,0,0,0,0,0,0,0,0,0,0,0,0,0,0,0,0,0,0,0,0,0,0,0,0,0,0,0,0
0.0008,0.0118,0.0286,0.0118,0.0008,0,0,0.0118,0.1691,0.4112,0.1691,0.0118,0.0001,0,0.0286,0.4112,1,0.4112,0.0286,0.0003,0,0.0118,0.1691,0.4112,0.1691,0.0118,0.0001,0,0.0008,0.0118,0.0286,0.0118,0.0008,0,0,0,0.0001,0.0003,0.0001,0,0,0,0,0,0,0,0,0,0,0,0,0,0,0,0,0,0,0,0,0,0,0,0,0,0,0,0,0,0,0,0,0,0,0,0,0,0,0,0,0,0,0,0,0,0,0,0,0,0,0,0,0,0,0,0,0,0,0
0.0009,0.0129,0.0308,0.0129,0.0009,0,0,0.0129,0.1754,0.4189,0.1754,0.0129,0.0002,0,0.0308,0.4189,1,0.4189,0.0308,0.0004,0,0.0129,0.1754,0.4189,0.1754,0.0129,0.0002,0,0.0009,0.0129,0.0308,0.0129,0.0009,0,0,0,0.0002,0.0004,0.0002,0,0,0,0,0,0,0,0,0,0,0,0,0,0,0,0,0,0,0,0,0,0,0,0,0,0,0,0,0,0,0,0,0,0,0,0,0,0,0,0,0,0,0,0,0,0,0,0,0,0,0,0,0,0,0,0,0,0,0
0.0011,0.0141,0.033,0.0141,0.0011,0,0,0.0141,0.1817,0.4263,0.1817,0.0141,0.0002,0,0.033,0.4263,1,0.4263,0.033,0.0005,0,0.0141,0.1817,0.4263,0.1817,0.0141,0.0002,0,0.0011,0.0141,0.033,0.0141,0.0011,0,0,0,0.0002,0.0005,0.0002,0,0,0,0,0,0,0,0,0,0,0,0,0,0,0,0,0,0,0,0,0,0,0,0,0,0,0,0,0,0,0,0,0,0,0,0,0,0,0,0,0,0,0,0,0,0,0,0,0,0,0,0,0,0,0,0,0,0,0
0.0012,0.0153,0.0353,0.0153,0.0012,0,0,0.0153,0.188,0.4336,0.188,0.0153,0.0002,0,0.0353,0.4336,1,0.4336,0.0353,0.0005,0,0.0153,0.188,0.4336,0.188,0.0153,0.0002,0,0.0012,0.0153,0.0353,0.0153,0.0012,0,0,0,0.0002,0.0005,0.0002,0,0,0,0,0,0,0,0,0,0,0,0,0,0,0,0,0,0,0,0,0,0,0,0,0,0,0,0,0,0,0,0,0,0,0,0,0,0,0,0,0,0,0,0,0,0,0,0,0,0,0,0,0,0,0,0,0,0,0
0.0014,0.0166,0.0377,0.0166,0.0014,0,0,0.0166,0.1942,0.4407,0.1942,0.0166,0.0003,0,0.0377,0.4407,1,0.4407,0.0377,0.0006,0,0.0166,0.1942,0.4407,0.1942,0.0166,0.0003,0,0.0014,0.0166,0.0377,0.0166,0.0014,0,0,0,0.0003,0.0006,0.0003,0,0,0,0,0,0,0,0,0,0,0,0,0,0,0,0,0,0,0,0,0,0,0,0,0,0,0,0,0,0,0,0,0,0,0,0,0,0,0,0,0,0,0,0,0,0,0,0,0,0,0,0,0,0,0,0,0,0,0
0.0016,0.018,0.0401,0.018,0.0016,0,0,0.018,0.2004,0.4476,0.2004,0.018,0.0003,0,0.0401,0.4476,1,0.4476,0.0401,0.0007,0,0.018,0.2004,0.4476,0.2004,0.018,0.0003,0,0.0016,0.018,0.0401,0.018,0.0016,0,0,0,0.0003,0.0007,0.0003,0,0,0,0,0,0,0,0,0,0,0,0,0,0,0,0,0,0,0,0,0,0,0,0,0,0,0,0,0,0,0,0,0,0,0,0,0,0,0,0,0,0,0,0,0,0,0,0,0,0,0,0,0,0,0,0,0,0,0
0.0018,0.0194,0.0426,0.0194,0.0018,0,0,0.0194,0.2065,0.4544,0.2065,0.0194,0.0004,0,0.0426,0.4544,1,0.4544,0.0426,0.0008,0,0.0194,0.2065,0.4544,0.2065,0.0194,0.0004,0,0.0018,0.0194,0.0426,0.0194,0.0018,0,0,0,0.0004,0.0008,0.0004,0,0,0,0,0,0,0,0,0,0,0,0,0,0,0,0,0,0,0,0,0,0,0,0,0,0,0,0,0,0,0,0,0,0,0,0,0,0,0,0,0,0,0,0,0,0,0,0,0,0,0,0,0,0,0,0,0,0,0
0.002,0.0208,0.0452,0.0208,0.002,0,0,0.0208,0.2126,0.461,0.2126,0.0208,0.0004,0,0.0452,0.461,1,0.461,0.0452,0.0009,0,0.0208,0.2126,0.461,0.2126,0.0208,0.0004,0,0.002,0.0208,0.0452,0.0208,0.002,0,0,0,0.0004,0.0009,0.0004,0,0,0,0,0,0,0,0,0,0,0,0,0,0,0,0,0,0,0,0,0,0,0,0,0,0,0,0,0,0,0,0,0,0,0,0,0,0,0,0,0,0,0,0,0,0,0,0,0,0,0,0,0,0,0,0,0,0,0
0.0023,0.0223,0.0478,0.0223,0.0023,0.0001,0,0.0223,0.2186,0.4675,0.2186,0.0223,0.0005,0,0.0478,0.4675,1,0.4675,0.0478,0.0011,0,0.0223,0.2186,0.4675,0.2186,0.0223,0.0005,0,0.0023,0.0223,0.0478,0.0223,0.0023,0.0001,0,0.0001,0.0005,0.0011,0.0005,0.0001,0,0,0,0,0,0,0,0,0,0,0,0,0,0,0,0,0,0,0,0,0,0,0,0,0,0,0,0,0,0,0,0,0,0,0,0,0,0,0,0,0,0,0,0,0,0,0,0,0,0,0,0,0,0,0,0,0,0
0.0025,0.0239,0.0504,0.0239,0.0025,0.0001,0,0.0239,0.2245,0.4739,0.2245,0.0239,0.0006,0,0.0504,0.4739,1,0.4739,0.0504,0.0012,0,0.0239,0.2245,0.4739,0.2245,0.0239,0.0006,0,0.0025,0.0239,0.0504,0.0239,0.0025,0.0001,0,0.0001,0.0006,0.0012,0.0006,0.0001,0,0,0,0,0,0,0,0,0,0,0,0,0,0,0,0,0,0,0,0,0,0,0,0,0,0,0,0,0,0,0,0,0,0,0,0,0,0,0,0,0,0,0,0,0,0,0,0,0,0,0,0,0,0,0,0,0,0
0.0028,0.0255,0.0531,0.0255,0.0028,0.0001,0,0.0255,0.2305,0.4801,0.2305,0.0255,0.0007,0,0.0531,0.4801,1,0.4801,0.0531,0.0014,0,0.0255,0.2305,0.4801,0.2305,0.0255,0.0007,0,0.0028,0.0255,0.0531,0.0255,0.0028,0.0001,0,0.0001,0.0007,0.0014,0.0007,0.0001,0,0,0,0,0,0,0,0,0,0,0,0,0,0,0,0,0,0,0,0,0,0,0,0,0,0,0,0,0,0,0,0,0,0,0,0,0,0,0,0,0,0,0,0,0,0,0,0,0,0,0,0,0,0,0,0,0,0
0.0031,0.0272,0.0559,0.0272,0.0031,0.0001,0,0.0272,0.2363,0.4861,0.2363,0.0272,0.0007,0,0.0559,0.4861,1,0.4861,0.0559,0.0015,0,0.0272,0.2363,0.4861,0.2363,0.0272,0.0007,0,0.0031,0.0272,0.0559,0.0272,0.0031,0.0001,0,0.0001,0.0007,0.0015,0.0007,0.0001,0,0,0,0,0,0,0,0,0,0,0,0,0,0,0,0,0,0,0,0,0,0,0,0,0,0,0,0,0,0,0,0,0,0,0,0,0,0,0,0,0,0,0,0,0,0,0,0,0,0,0,0,0,0,0,0,0,0
0.0034,0.0288,0.0586,0.0288,0.0034,0.0001,0,0.0288,0.2421,0.4921,0.2421,0.0288,0.0008,0,0.0586,0.4921,1,0.4921,0.0586,0.0017,0,0.0288,0.2421,0.4921,0.2421,0.0288,0.0008,0,0.0034,0.0288,0.0586,0.0288,0.0034,0.0001,0,0.0001,0.0008,0.0017,0.0008,0.0001,0,0,0,0,0,0,0,0,0,0,0,0,0,0,0,0,0,0,0,0,0,0,0,0,0,0,0,0,0,0,0,0,0,0,0,0,0,0,0,0,0,0,0,0,0,0,0,0,0,0,0,0,0,0,0,0,0,0
0.0038,0.0306,0.0614,0.0306,0.0038,0.0001,0,0.0306,0.2479,0.4979,0.2479,0.0306,0.0009,0,0.0614,0.4979,1,0.4979,0.0614,0.0019,0,0.0306,0.2479,0.4979,0.2479,0.0306,0.0009,0,0.0038,0.0306,0.0614,0.0306,0.0038,0.0001,0,0.0001,0.0009,0.0019,0.0009,0.0001,0,0,0,0,0,0,0,0,0,0,0,0,0,0,0,0,0,0,0,0,0,0,0,0,0,0,0,0,0,0,0,0,0,0,0,0,0,0,0,0,0,0,0,0,0,0,0,0,0,0,0,0,0,0,0,0,0,0
0.0041,0.0324,0.0643,0.0324,0.0041,0.0001,0,0.0324,0.2536,0.5036,0.2536,0.0324,0.001,0,0.0643,0.5036,1,0.5036,0.0643,0.0021,0,0.0324,0.2536,0.5036,0.2536,0.0324,0.001,0,0.0041,0.0324,0.0643,0.0324,0.0041,0.0001,0,0.0001,0.001,0.0021,0.001,0.0001,0,0,0,0,0,0,0,0,0,0,0,0,0,0,0,0,0,0,0,0,0,0,0,0,0,0,0,0,0,0,0,0,0,0,0,0,0,0,0,0,0,0,0,0,0,0,0,0,0,0,0,0,0,0,0,0,0,0
0.0045,0.0342,0.0672,0.0342,0.0045,0.0002,0,0.0342,0.2592,0.5091,0.2592,0.0342,0.0012,0,0.0672,0.5091,1,0.5091,0.0672,0.0023,0,0.0342,0.2592,0.5091,0.2592,0.0342,0.0012,0,0.0045,0.0342,0.0672,0.0342,0.0045,0.0002,0,0.0002,0.0012,0.0023,0.0012,0.0002,0,0,0,0,0,0,0,0,0,0,0,0,0,0,0,0,0,0,0,0,0,0,0,0,0,0,0,0,0,0,0,0,0,0,0,0,0,0,0,0,0,0,0,0,0,0,0,0,0,0,0,0,0,0,0,0,0,0
0.0049,0.0361,0.0701,0.0361,0.0049,0.0002,0,0.0361,0.2648,0.5146,0.2648,0.0361,0.0013,0,0.0701,0.5146,1,0.5146,0.0701,0.0025,0,0.0361,0.2648,0.5146,0.2648,0.0361,0.0013,0,0.0049,0.0361,0.0701,0.0361,0.0049,0.0002,0,0.0002,0.0013,0.0025,0.0013,0.0002,0,0,0,0,0,0,0,0,0,0,0,0,0,0,0,0,0,0,0,0,0,0,0,0,0,0,0,0,0,0,0,0,0,0,0,0,0,0,0,0,0,0,0,0,0,0,0,0,0,0,0,0,0,0,0,0,0,0
0.0053,0.038,0.0731,0.038,0.0053,0.0002,0,0.038,0.2703,0.5199,0.2703,0.038,0.0014,0,0.0731,0.5199,1,0.5199,0.0731,0.0028,0,0.038,0.2703,0.5199,0.2703,0.038,0.0014,0,0.0053,0.038,0.0731,0.038,0.0053,0.0002,0,0.0002,0.0014,0.0028,0.0014,0.0002,0,0,0,0,0,0,0,0,0,0,0,0,0,0,0,0,0,0,0,0,0,0,0,0,0,0,0,0,0,0,0,0,0,0,0,0,0,0,0,0,0,0,0,0,0,0,0,0,0,0,0,0,0,0,0,0,0,0
0.0058,0.0399,0.076,0.0399,0.0058,0.0002,0,0.0399,0.2758,0.5251,0.2758,0.0399,0.0016,0,0.076,0.5251,1,0.5251,0.076,0.003,0,0.0399,0.2758,0.5251,0.2758,0.0399,0.0016,0,0.0058,0.0399,0.076,0.0399,0.0058,0.0002,0,0.0002,0.0016,0.003,0.0016,0.0002,0,0,0,0,0,0,0,0,0,0,0,0,0,0,0,0,0,0,0,0,0,0,0,0,0,0,0,0,0,0,0,0,0,0,0,0,0,0,0,0,0,0,0,0,0,0,0,0,0,0,0,0,0,0,0,0,0,0
0.0062,0.0419,0.0791,0.0419,0.0062,0.0003,0,0.0419,0.2812,0.5302,0.2812,0.0419,0.0018,0,0.0791,0.5302,1,0.5302,0.0791,0.0033,0,0.0419,0.2812,0.5302,0.2812,0.0419,0.0018,0,0.0062,0.0419,0.0791,0.0419,0.0062,0.0003,0,0.0003,0.0018,0.0033,0.0018,0.0003,0,0,0,0,0,0,0,0,0,0,0,0,0,0,0,0,0,0,0,0,0,0,0,0,0,0,0,0,0,0,0,0,0,0,0,0,0,0,0,0,0,0,0,0,0,0,0,0,0,0,0,0,0,0,0,0,0,0
0.0067,0.0439,0.0821,0.0439,0.0067,0.0003,0,0.0439,0.2865,0.5353,0.2865,0.0439,0.0019,0,0.0821,0.5353,1,0.5353,0.0821,0.0036,0,0.0439,0.2865,0.5353,0.2865,0.0439,0.0019,0,0.0067,0.0439,0.0821,0.0439,0.0067,0.0003,0,0.0003,0.0019,0.0036,0.0019,0.0003,0,0,0,0,0,0,0,0,0,0,0,0,0,0,0,0,0,0,0,0,0,0,0,0,0,0,0,0,0,0,0,0,0,0,0,0,0,0,0,0,0,0,0,0,0,0,0,0,0,0,0,0,0,0,0,0,0,0