0,98,78.91,0,98,79.03,0,98,78.72,0,98,78.76,0,98,78.23,0,98,78.8,0,98,78.64,0,98,78.77,0,98,78.15,0,98,78.22,0,98,78.98,0,98,78.38,0,98,78.99,0,98,78.13,0,98,78.86,0,98,78.87,0,98,78.78,0,98,78.51,0,98,78.74,0,98,78.83,0,98,78.84,0,98,78.14,0,98,78.64,0,98,78.15,0,98,78.84,0,98,78.89,0,98,78.19,0,98,78.28,0,98,78.5,0,98,78.79,0,98,78.08,0,98,78.59,0,98,79.01,0,98,78.67,0,98,79.01,0,98,78.75,0,98,78.09,0,98,78.31,0,98,78.13,0,98,78.91,0,98,78.39,0,98,78.1,0,98,78.9,0,98,78.58,0,98,78.98,0,98,78.85,0,98,78.25,0,98,78.32,0,98,78.36,0,98,78.92,0,98,78.4,0,98,78.56,0,98,78.77,0,98,78.82,0,98,78.16,0,98,78.28,0,98,78.46,0,98,78.09,0,98,78.48,0,98,78.65,0,98,78.75,0,98,78.31,0,98,78.22,0,98,78.77,0,98,78.24,0,98,78.44,0,98,78.12,0,98,78.8,0,98,78.14,0,98,78.18,0,98,78.37,0,98,78.58,0,98,78.39,0,98,78.09,0,98,78.48,0,98,78.44,0,98,78.07,0,98,78.57,0,98,78.5,0,98,78.96,0,98,78.42,0,98,78.93,0,98,78.07,0,98,78.05,0,98,78.46,0,98,78.87,0,98,78.9,0,98,78.06,0,98,78.33,0,98,78.94,0,98,78.64,0,98,78.74,0,98,78.4,0,98,78.68,0,98,79.04,0,98,78.7,0,98,78.15,0,98,78.84,0,98,76.56,0,98,74.53
0.01,97.9,78.61,0.1,98.1,79.13,0.1,98.1,78.82,0.1,98.1,78.86,0.1,98.1,78.33,0.1,98.1,78.9,0.1,98.1,78.74,0.1,98.1,78.87,0.1,98.1,78.25,0.1,98.1,78.32,0.1,98.1,79.08,0.1,98.1,78.48,0.1,98.1,79.09,0.1,98.1,78.23,0.1,98.1,78.96,0.1,98.1,78.97,0.1,98.1,78.88,0.1,98.1,78.61,0.1,98.1,78.84,0.1,98.1,78.93,0.1,98.1,78.94,0.1,98.1,78.24,0.1,98.1,78.74,0.1,98.1,78.25,0.1,98.1,78.94,0.1,98.1,78.99,0.1,98.1,78.29,0.1,98.1,78.38,0.1,98.1,78.6,0.1,98.1,78.89,0.1,98.1,78.18,0.1,98.1,78.69,0.1,98.1,79.11,0.1,98.1,78.77,0.1,98.1,79.11,0.1,98.1,78.85,0.1,98.1,78.19,0.1,98.1,78.41,0.1,98.1,78.23,0.1,98.1,79.01,0.1,98.1,78.49,0.1,98.1,78.2,0.1,98.1,79,0.1,98.1,78.68,0.1,98.1,79.08,0.1,98.1,78.95,0.1,98.1,78.35,0.1,98.1,78.42,0.1,98.1,78.46,0.1,98.1,79.02,0.1,98.1,78.5,0.1,98.1,78.66,0.1,98.1,78.87,0.1,98.1,78.92,0.1,98.1,78.26,0.1,98.1,78.38,0.1,98.1,78.56,0.1,98.1,78.19,0.1,98.1,78.58,0.1,98.1,78.75,0.1,98.1,78.85,0.1,98.1,78.41,0.1,98.1,78.32,0.1,98.1,78.87,0.1,98.1,78.34,0.1,98.1,78.54,0.1,98.1,78.22,0.1,98.1,78.9,0.1,98.1,78.24,0.1,98.1,78.28,0.1,98.1,78.47,0.1,98.1,78.68,0.1,98.1,78.49,0.1,98.1,78.19,0.1,98.1,78.58,0.1,98.1,78.54,0.1,98.1,78.17,0.1,98.1,78.67,0.1,98.1,78.6,0.1,98.1,79.06,0.1,98.1,78.52,0.1,98.1,79.03,0.1,98.1,78.17,0.1,98.1,78.15,0.1,98.1,78.56,0.1,98.1,78.97,0.1,98.1,79,0.1,98.1,78.16,0.1,98.1,78.43,0.1,98.1,79.04,0.1,98.1,78.74,0.1,98.1,78.84,0.1,98.1,78.5,0.1,98.1,78.78,0.1,98.1,79.14,0.1,98.1,78.8,0.1,98.1,78.25,0.1,98.1,78.94,0.1,98.1,76.66,0.1,98.1,74.63
0.02,97.8,78.31,0.2,98.2,79.23,0.2,98.2,78.92,0.2,98.2,78.96,0.2,98.2,78.43,0.2,98.2,79,0.2,98.2,78.84,0.2,98.2,78.97,0.2,98.2,78.35,0.2,98.2,78.42,0.2,98.2,79.18,0.2,98.2,78.58,0.2,98.2,79.19,0.2,98.2,78.33,0.2,98.2,79.06,0.2,98.2,79.07,0.2,98.2,78.98,0.2,98.2,78.71,0.2,98.2,78.94,0.2,98.2,79.03,0.2,98.2,79.04,0.2,98.2,78.34,0.2,98.2,78.84,0.2,98.2,78.35,0.2,98.2,79.04,0.2,98.2,79.09,0.2,98.2,78.39,0.2,98.2,78.48,0.2,98.2,78.7,0.2,98.2,78.99,0.2,98.2,78.28,0.2,98.2,78.79,0.2,98.2,79.21,0.2,98.2,78.87,0.2,98.2,79.21,0.2,98.2,78.95,0.2,98.2,78.29,0.2,98.2,78.51,0.2,98.2,78.33,0.2,98.2,79.11,0.2,98.2,78.59,0.2,98.2,78.3,0.2,98.2,79.1,0.2,98.2,78.78,0.2,98.2,79.18,0.2,98.2,79.05,0.2,98.2,78.45,0.2,98.2,78.52,0.2,98.2,78.56,0.2,98.2,79.12,0.2,98.2,78.6,0.2,98.2,78.76,0.2,98.2,78.97,0.2,98.2,79.02,0.2,98.2,78.36,0.2,98.2,78.48,0.2,98.2,78.66,0.2,98.2,78.29,0.2,98.2,78.68,0.2,98.2,78.85,0.2,98.2,78.95,0.2,98.2,78.51,0.2,98.2,78.42,0.2,98.2,78.97,0.2,98.2,78.44,0.2,98.2,78.64,0.2,98.2,78.32,0.2,98.2,79,0.2,98.2,78.34,0.2,98.2,78.38,0.2,98.2,78.57,0.2,98.2,78.78,0.2,98.2,78.59,0.2,98.2,78.29,0.2,98.2,78.68,0.2,98.2,78.64,0.2,98.2,78.27,0.2,98.2,78.77,0.2,98.2,78.7,0.2,98.2,79.16,0.2,98.2,78.62,0.2,98.2,79.13,0.2,98.2,78.27,0.2,98.2,78.25,0.2,98.2,78.66,0.2,98.2,79.07,0.2,98.2,79.1,0.2,98.2,78.26,0.2,98.2,78.53,0.2,98.2,79.14,0.2,98.2,78.84,0.2,98.2,78.94,0.2,98.2,78.6,0.2,98.2,78.88,0.2,98.2,79.24,0.2,98.2,78.9,0.2,98.2,78.35,0.2,98.2,79.04,0.2,98.2,76.76,0.2,98.2,74.73
0.03,97.7,78.01,0.4,98.4,79.43,0.4,98.4,79.12,0.4,98.4,79.16,0.4,98.4,78.63,0.4,98.4,79.2,0.4,98.4,79.04,0.4,98.4,79.17,0.4,98.4,78.55,0.4,98.4,78.62,0.4,98.4,79.38,0.4,98.4,78.78,0.4,98.4,79.39,0.4,98.4,78.53,0.4,98.4,79.26,0.4,98.4,79.27,0.4,98.4,79.18,0.4,98.4,78.91,0.4,98.4,79.14,0.4,98.4,79.23,0.4,98.4,79.24,0.4,98.4,78.54,0.4,98.4,79.04,0.4,98.4,78.55,0.4,98.4,79.24,0.4,98.4,79.29,0.4,98.4,78.59,0.4,98.4,78.68,0.4,98.4,78.9,0.4,98.4,79.19,0.4,98.4,78.48,0.4,98.4,78.99,0.4,98.4,79.41,0.4,98.4,79.07,0.4,98.4,79.41,0.4,98.4,79.15,0.4,98.4,78.49,0.4,98.4,78.71,0.4,98.4,78.53,0.4,98.4,79.31,0.4,98.4,78.79,0.4,98.4,78.5,0.4,98.4,79.3,0.4,98.4,78.98,0.4,98.4,79.38,0.4,98.4,79.25,0.4,98.4,78.65,0.4,98.4,78.72,0.4,98.4,78.76,0.4,98.4,79.32,0.4,98.4,78.8,0.4,98.4,78.96,0.4,98.4,79.17,0.4,98.4,79.22,0.4,98.4,78.56,0.4,98.4,78.68,0.4,98.4,78.86,0.4,98.4,78.49,0.4,98.4,78.88,0.4,98.4,79.05,0.4,98.4,79.15,0.4,98.4,78.71,0.4,98.4,78.62,0.4,98.4,79.17,0.4,98.4,78.64,0.4,98.4,78.84,0.4,98.4,78.52,0.4,98.4,79.2,0.4,98.4,78.54,0.4,98.4,78.58,0.4,98.4,78.77,0.4,98.4,78.98,0.4,98.4,78.79,0.4,98.4,78.49,0.4,98.4,78.88,0.4,98.4,78.84,0.4,98.4,78.47,0.4,98.4,78.97,0.4,98.4,78.9,0.4,98.4,79.36,0.4,98.4,78.82,0.4,98.4,79.33,0.4,98.4,78.47,0.4,98.4,78.45,0.4,98.4,78.86,0.4,98.4,79.27,0.4,98.4,79.3,0.4,98.4,78.46,0.4,98.4,78.73,0.4,98.4,79.34,0.4,98.4,79.04,0.4,98.4,79.14,0.4,98.4,78.8,0.4,98.4,79.08,0.4,98.4,79.44,0.4,98.4,79.1,0.4,98.4,78.55,0.4,98.4,79.24,0.4,98.4,76.96,0.4,98.4,74.93
0.04,97.6,77.71,0.6,97.4,79.23,0.6,97.2,78.12,-0.6,97.4,78.16,-0.6,97.4,77.63,-0.6,97.4,78.2,-0.6,97.4,78.04,-0.6,97.4,78.17,-0.6,97.4,77.55,-0.6,97.4,77.62,-0.6,97.4,78.38,-0.6,97.4,77.78,-0.6,97.4,78.39,-0.6,97.4,77.53,-0.6,97.4,78.26,-0.6,97.4,78.27,-0.6,97.4,78.18,-0.6,97.4,77.91,-0.6,97.4,78.14,-0.6,97.4,78.23,-0.6,97.4,78.24,-0.6,97.4,77.54,-0.6,97.4,78.04,-0.6,97.4,77.55,-0.6,97.4,78.24,-0.6,97.4,78.29,-0.6,97.4,77.59,-0.6,97.4,77.68,-0.6,97.4,77.9,-0.6,97.4,78.19,-0.6,97.4,77.48,-0.6,97.4,77.99,-0.6,97.4,78.41,-0.6,97.4,78.07,-0.6,97.4,78.41,-0.6,97.4,78.15,-0.6,97.4,77.49,-0.6,97.4,77.71,-0.6,97.4,77.53,-0.6,97.4,78.31,-0.6,97.4,77.79,-0.6,97.4,77.5,-0.6,97.4,78.3,-0.6,97.4,77.98,-0.6,97.4,78.38,-0.6,97.4,78.25,-0.6,97.4,77.65,-0.6,97.4,77.72,-0.6,97.4,77.76,-0.6,97.4,78.32,-0.6,97.4,77.8,-0.6,97.4,77.96,-0.6,97.4,78.17,-0.6,97.4,78.22,-0.6,97.4,77.56,-0.6,97.4,77.68,-0.6,97.4,77.86,-0.6,97.4,77.49,-0.6,97.4,77.88,-0.6,97.4,78.05,-0.6,97.4,78.15,-0.6,97.4,77.71,-0.6,97.4,77.62,-0.6,97.4,78.17,-0.6,97.4,77.64,-0.6,97.4,77.84,-0.6,97.4,77.52,-0.6,97.4,78.2,-0.6,97.4,77.54,-0.6,97.4,77.58,-0.6,97.4,77.77,-0.6,97.4,77.98,-0.6,97.4,77.79,-0.6,97.4,77.49,-0.6,97.4,77.88,-0.6,97.4,77.84,-0.6,97.4,77.47,-0.6,97.4,77.97,-0.6,97.4,77.9,-0.6,97.4,78.36,-0.6,97.4,77.82,-0.6,97.4,78.33,-0.6,97.4,77.47,-0.6,97.4,77.45,-0.6,97.4,77.86,-0.6,97.4,78.27,-0.6,97.4,78.3,-0.6,97.4,77.46,-0.6,97.4,77.73,-0.6,97.4,78.34,-0.6,97.4,78.04,-0.6,97.4,78.14,-0.6,97.4,77.8,-0.6,97.4,78.08,-0.6,97.4,78.44,-0.6,97.4,78.1,-0.6,97.4,77.55,-0.6,97.4,78.24,-0.6,97.4,75.96,-0.6,97.4,73.93
0.05,97.5,77.41,0.8,96.4,79.03,0.8,96,77.12,-0.58,96.4,77.16,-0.58,96.4,76.63,0.32,96.4,77.2,0.32,96.4,77.04,-1.6,96.4,77.17,0.32,96.4,76.55,0.32,96.4,76.62,-1.6,96.4,77.38,-1.6,96.4,76.78,-1.6,96.4,77.39,-1.6,96.4,76.53,-1.6,96.4,77.26,-1.6,96.4,77.27,-1.6,96.4,77.18,-1.6,96.4,76.91,-1.6,96.4,77.14,-1.6,96.4,77.23,-1.6,96.4,77.24,-1.6,96.4,76.54,-1.6,96.4,77.04,-1.6,96.4,76.55,-1.6,96.4,77.24,-1.6,96.4,77.29,-1.6,96.4,76.59,-1.6,96.4,76.68,-1.6,96.4,76.9,-1.6,96.4,77.19,-1.6,96.4,76.48,-1.6,96.4,76.99,-1.6,96.4,77.41,-1.6,96.4,77.07,-1.6,96.4,77.41,-1.6,96.4,77.15,-1.6,96.4,76.49,-1.6,96.4,76.71,-1.6,96.4,76.53,-1.6,96.4,77.31,-1.6,96.4,76.79,-1.6,96.4,76.5,-1.6,96.4,77.3,-1.6,96.4,76.98,-1.6,96.4,77.38,-1.6,96.4,77.25,-1.6,96.4,76.65,-1.6,96.4,76.72,-1.6,96.4,76.76,-1.6,96.4,77.32,-1.6,96.4,76.8,-1.6,96.4,76.96,-1.6,96.4,77.17,-1.6,96.4,77.22,-1.6,96.4,76.56,-1.6,96.4,76.68,-1.6,96.4,76.86,-1.6,96.4,76.49,-1.6,96.4,76.88,-1.6,96.4,77.05,-1.6,96.4,77.15,-1.6,96.4,76.71,-1.6,96.4,76.62,-1.6,96.4,77.17,-1.6,96.4,76.64,-1.6,96.4,76.84,-1.6,96.4,76.52,-1.6,96.4,77.2,-1.6,96.4,76.54,-1.6,96.4,76.58,-1.6,96.4,76.77,-1.6,96.4,76.98,-1.6,96.4,76.79,-1.6,96.4,76.49,-1.6,96.4,76.88,-1.6,96.4,76.84,-1.6,96.4,76.47,-1.6,96.4,76.97,-1.6,96.4,76.9,-1.6,96.4,77.36,-1.6,96.4,76.82,-1.6,96.4,77.33,-1.6,96.4,76.47,-1.6,96.4,76.45,-1.6,96.4,76.86,-1.6,96.4,77.27,-1.6,96.4,77.3,-1.6,96.4,76.46,-1.6,96.4,76.73,-1.6,96.4,77.34,-1.6,96.4,77.04,-1.6,96.4,77.14,-1.6,96.4,76.8,-1.6,96.4,77.08,-1.6,96.4,77.44,-1.6,96.4,77.1,-1.6,96.4,76.55,-1.6,96.4,77.24,-1.6,96.4,74.96,-1.6,96.4,72.93
0.06,97.4,77.11,1,95.4,78.83,1,94.8,76.12,-0.56,95.4,76.16,-0.56,95.4,75.63,0.52,95.4,76.2,0.52,95.4,76.04,-2.6,95.4,76.17,0.52,95.4,75.55,0.52,95.4,75.62,-2.6,95.4,76.38,-2.6,95.4,75.78,-2.6,95.4,76.39,-2.6,95.4,75.53,-2.6,95.4,76.26,-2.6,95.4,76.27,-2.6,95.4,76.18,-2.6,95.4,75.91,-2.6,95.4,76.14,-2.6,95.4,76.23,-2.6,95.4,76.24,-2.6,95.4,75.54,-2.6,95.4,76.04,-2.6,95.4,75.55,-2.6,95.4,76.24,-2.6,95.4,76.29,-2.6,95.4,75.59,-2.6,95.4,75.68,-2.6,95.4,75.9,-2.6,95.4,76.19,-2.6,95.4,75.48,-2.6,95.4,75.99,-2.6,95.4,76.41,-2.6,95.4,76.07,-2.6,95.4,76.41,-2.6,95.4,76.15,-2.6,95.4,75.49,-2.6,95.4,75.71,-2.6,95.4,75.53,-2.6,95.4,76.31,-2.6,95.4,75.79,-2.6,95.4,75.5,-2.6,95.4,76.3,-2.6,95.4,75.98,-2.6,95.4,76.38,-2.6,95.4,76.25,-2.6,95.4,75.65,-2.6,95.4,75.72,-2.6,95.4,75.76,-2.6,95.4,76.32,-2.6,95.4,75.8,-2.6,95.4,75.96,-2.6,95.4,76.17,-2.6,95.4,76.22,-2.6,95.4,75.56,-2.6,95.4,75.68,-2.6,95.4,75.86,-2.6,95.4,75.49,-2.6,95.4,75.88,-2.6,95.4,76.05,-2.6,95.4,76.15,-2.6,95.4,75.71,-2.6,95.4,75.62,-2.6,95.4,76.17,-2.6,95.4,75.64,-2.6,95.4,75.84,-2.6,95.4,75.52,-2.6,95.4,76.2,-2.6,95.4,75.54,-2.6,95.4,75.58,-2.6,95.4,75.77,-2.6,95.4,75.98,-2.6,95.4,75.79,-2.6,95.4,75.49,-2.6,95.4,75.88,-2.6,95.4,75.84,-2.6,95.4,75.47,-2.6,95.4,75.97,-2.6,95.4,75.9,-2.6,95.4,76.36,-2.6,95.4,75.82,-2.6,95.4,76.33,-2.6,95.4,75.47,-2.6,95.4,75.45,-2.6,95.4,75.86,-2.6,95.4,76.27,-2.6,95.4,76.3,-2.6,95.4,75.46,-2.6,95.4,75.73,-2.6,95.4,76.34,-2.6,95.4,76.04,-2.6,95.4,76.14,-2.6,95.4,75.8,-2.6,95.4,76.08,-2.6,95.4,76.44,-2.6,95.4,76.1,-2.6,95.4,75.55,-2.6,95.4,76.24,-2.6,95.4,73.96,-2.6,95.4,71.93
0.07,97.3,76.81,1.2,94.4,78.63,1.2,93.6,75.12,-0.54,94.4,75.16,-0.54,94.4,74.63,-0.48,94.4,75.2,-0.48,94.4,75.04,-3.6,94.4,75.17,-0.48,94.4,74.55,-0.48,94.4,74.62,-3.6,94.4,75.38,-3.6,94.4,74.78,-3.6,94.4,75.39,-3.6,94.4,74.53,-3.6,94.4,75.26,-3.6,94.4,75.27,-3.6,94.4,75.18,-3.6,94.4,74.91,-3.6,94.4,75.14,-3.6,94.4,75.23,-3.6,94.4,75.24,-3.6,94.4,74.54,-3.6,94.4,75.04,-3.6,94.4,74.55,-3.6,94.4,75.24,-3.6,94.4,75.29,-3.6,94.4,74.59,-3.6,94.4,74.68,-3.6,94.4,74.9,-3.6,94.4,75.19,-3.6,94.4,74.48,-3.6,94.4,74.99,-3.6,94.4,75.41,-3.6,94.4,75.07,-3.6,94.4,75.41,-3.6,94.4,75.15,-3.6,94.4,74.49,-3.6,94.4,74.71,-3.6,94.4,74.53,-3.6,94.4,75.31,-3.6,94.4,74.79,-3.6,94.4,74.5,-3.6,94.4,75.3,-3.6,94.4,74.98,-3.6,94.4,75.38,-3.6,94.4,75.25,-3.6,94.4,74.65,-3.6,94.4,74.72,-3.6,94.4,74.76,-3.6,94.4,75.32,-3.6,94.4,74.8,-3.6,94.4,74.96,-3.6,94.4,75.17,-3.6,94.4,75.22,-3.6,94.4,74.56,-3.6,94.4,74.68,-3.6,94.4,74.86,-3.6,94.4,74.49,-3.6,94.4,74.88,-3.6,94.4,75.05,-3.6,94.4,75.15,-3.6,94.4,74.71,-3.6,94.4,74.62,-3.6,94.4,75.17,-3.6,94.4,74.64,-3.6,94.4,74.84,-3.6,94.4,74.52,-3.6,94.4,75.2,-3.6,94.4,74.54,-3.6,94.4,74.58,-3.6,94.4,74.77,-3.6,94.4,74.98,-3.6,94.4,74.79,-3.6,94.4,74.49,-3.6,94.4,74.88,-3.6,94.4,74.84,-3.6,94.4,74.47,-3.6,94.4,74.97,-3.6,94.4,74.9,-3.6,94.4,75.36,-3.6,94.4,74.82,-3.6,94.4,75.33,-3.6,94.4,74.47,-3.6,94.4,74.45,-3.6,94.4,74.86,-3.6,94.4,75.27,-3.6,94.4,75.3,-3.6,94.4,74.46,-3.6,94.4,74.73,-3.6,94.4,75.34,-3.6,94.4,75.04,-3.6,94.4,75.14,-3.6,94.4,74.8,-3.6,94.4,75.08,-3.6,94.4,75.44,-3.6,94.4,75.1,-3.6,94.4,74.55,-3.6,94.4,75.24,-3.6,94.4,72.96,-3.6,94.4,70.93
0.08,97.2,76.51,1.4,93.4,78.43,1.4,92.4,74.12,-0.52,93.4,74.16,-0.52,93.4,73.63,0.44,93.4,74.2,0.44,93.4,74.04,-4.6,93.4,74.17,0.44,93.4,73.55,0.44,93.4,73.62,-4.6,93.4,74.38,-4.6,93.4,73.78,-4.6,93.4,74.39,-4.6,93.4,73.53,-4.6,93.4,74.26,-4.6,93.4,74.27,-4.6,93.4,74.18,-4.6,93.4,73.91,-4.6,93.4,74.14,-4.6,93.4,74.23,-4.6,93.4,74.24,-4.6,93.4,73.54,-4.6,93.4,74.04,-4.6,93.4,73.55,-4.6,93.4,74.24,-4.6,93.4,74.29,-4.6,93.4,73.59,-4.6,93.4,73.68,-4.6,93.4,73.9,-4.6,93.4,74.19,-4.6,93.4,73.48,-4.6,93.4,73.99,-4.6,93.4,74.41,-4.6,93.4,74.07,-4.6,93.4,74.41,-4.6,93.4,74.15,-4.6,93.4,73.49,-4.6,93.4,73.71,-4.6,93.4,73.53,-4.6,93.4,74.31,-4.6,93.4,73.79,-4.6,93.4,73.5,-4.6,93.4,74.3,-4.6,93.4,73.98,-4.6,93.4,74.38,-4.6,93.4,74.25,-4.6,93.4,73.65,-4.6,93.4,73.72,-4.6,93.4,73.76,-4.6,93.4,74.32,-4.6,93.4,73.8,-4.6,93.4,73.96,-4.6,93.4,74.17,-4.6,93.4,74.22,-4.6,93.4,73.56,-4.6,93.4,73.68,-4.6,93.4,73.86,-4.6,93.4,73.49,-4.6,93.4,73.88,-4.6,93.4,74.05,-4.6,93.4,74.15,-4.6,93.4,73.71,-4.6,93.4,73.62,-4.6,93.4,74.17,-4.6,93.4,73.64,-4.6,93.4,73.84,-4.6,93.4,73.52,-4.6,93.4,74.2,-4.6,93.4,73.54,-4.6,93.4,73.58,-4.6,93.4,73.77,-4.6,93.4,73.98,-4.6,93.4,73.79,-4.6,93.4,73.49,-4.6,93.4,73.88,-4.6,93.4,73.84,-4.6,93.4,73.47,-4.6,93.4,73.97,-4.6,93.4,73.9,-4.6,93.4,74.36,-4.6,93.4,73.82,-4.6,93.4,74.33,-4.6,93.4,73.47,-4.6,93.4,73.45,-4.6,93.4,73.86,-4.6,93.4,74.27,-4.6,93.4,74.3,-4.6,93.4,73.46,-4.6,93.4,73.73,-4.6,93.4,74.34,-4.6,93.4,74.04,-4.6,93.4,74.14,-4.6,93.4,73.8,-4.6,93.4,74.08,-4.6,93.4,74.44,-4.6,93.4,74.1,-4.6,93.4,73.55,-4.6,93.4,74.24,-4.6,93.4,71.96,-4.6,93.4,69.93
0.09,97.1,76.21,1.6,92.4,78.23,1.6,91.2,73.12,-0.5,92.4,73.16,-0.5,92.4,72.63,0.64,92.4,73.2,0.64,92.4,73.04,-5.6,92.4,73.17,0.64,92.4,72.55,0.64,92.4,72.62,-5.6,92.4,73.38,-5.6,92.4,72.78,-5.6,92.4,73.39,-5.6,92.4,72.53,-5.6,92.4,73.26,-5.6,92.4,73.27,-5.6,92.4,73.18,-5.6,92.4,72.91,-5.6,92.4,73.14,-5.6,92.4,73.23,-5.6,92.4,73.24,-5.6,92.4,72.54,-5.6,92.4,73.04,-5.6,92.4,72.55,-5.6,92.4,73.24,-5.6,92.4,73.29,-5.6,92.4,72.59,-5.6,92.4,72.68,-5.6,92.4,72.9,-5.6,92.4,73.19,-5.6,92.4,72.48,-5.6,92.4,72.99,-5.6,92.4,73.41,-5.6,92.4,73.07,-5.6,92.4,73.41,-5.6,92.4,73.15,-5.6,92.4,72.49,-5.6,92.4,72.71,-5.6,92.4,72.53,-5.6,92.4,73.31,-5.6,92.4,72.79,-5.6,92.4,72.5,-5.6,92.4,73.3,-5.6,92.4,72.98,-5.6,92.4,73.38,-5.6,92.4,73.25,-5.6,92.4,72.65,-5.6,92.4,72.72,-5.6,92.4,72.76,-5.6,92.4,73.32,-5.6,92.4,72.8,-5.6,92.4,72.96,-5.6,92.4,73.17,-5.6,92.4,73.22,-5.6,92.4,72.56,-5.6,92.4,72.68,-5.6,92.4,72.86,-5.6,92.4,72.49,-5.6,92.4,72.88,-5.6,92.4,73.05,-5.6,92.4,73.15,-5.6,92.4,72.71,-5.6,92.4,72.62,-5.6,92.4,73.17,-5.6,92.4,72.64,-5.6,92.4,72.84,-5.6,92.4,72.52,-5.6,92.4,73.2,-5.6,92.4,72.54,-5.6,92.4,72.58,-5.6,92.4,72.77,-5.6,92.4,72.98,-5.6,92.4,72.79,-5.6,92.4,72.49,-5.6,92.4,72.88,-5.6,92.4,72.84,-5.6,92.4,72.47,-5.6,92.4,72.97,-5.6,92.4,72.9,-5.6,92.4,73.36,-5.6,92.4,72.82,-5.6,92.4,73.33,-5.6,92.4,72.47,-5.6,92.4,72.45,-5.6,92.4,72.86,-5.6,92.4,73.27,-5.6,92.4,73.3,-5.6,92.4,72.46,-5.6,92.4,72.73,-5.6,92.4,73.34,-5.6,92.4,73.04,-5.6,92.4,73.14,-5.6,92.4,72.8,-5.6,92.4,73.08,-5.6,92.4,73.44,-5.6,92.4,73.1,-5.6,92.4,72.55,-5.6,92.4,73.24,-5.6,92.4,70.96,-5.6,92.4,68.93
0.1,97,75.91,1.8,91.4,78.03,1.8,90,72.12,-0.48,91.4,72.16,-0.48,91.4,71.63,-0.36,91.4,72.2,-0.36,91.4,72.04,-6.6,91.4,72.17,-0.36,91.4,71.55,-0.36,91.4,71.62,-6.6,91.4,72.38,-6.6,91.4,71.78,-6.6,91.4,72.39,-6.6,91.4,71.53,-6.6,91.4,72.26,-6.6,91.4,72.27,-6.6,91.4,72.18,-6.6,91.4,71.91,-6.6,91.4,72.14,-6.6,91.4,72.23,-6.6,91.4,72.24,-6.6,91.4,71.54,-6.6,91.4,72.04,-6.6,91.4,71.55,-6.6,91.4,72.24,-6.6,91.4,72.29,-6.6,91.4,71.59,-6.6,91.4,71.68,-6.6,91.4,71.9,-6.6,91.4,72.19,-6.6,91.4,71.48,-6.6,91.4,71.99,-6.6,91.4,72.41,-6.6,91.4,72.07,-6.6,91.4,72.41,-6.6,91.4,72.15,-6.6,91.4,71.49,-6.6,91.4,71.71,-6.6,91.4,71.53,-6.6,91.4,72.31,-6.6,91.4,71.79,-6.6,91.4,71.5,-6.6,91.4,72.3,-6.6,91.4,71.98,-6.6,91.4,72.38,-6.6,91.4,72.25,-6.6,91.4,71.65,-6.6,91.4,71.72,-6.6,91.4,71.76,-6.6,91.4,72.32,-6.6,91.4,71.8,-6.6,91.4,71.96,-6.6,91.4,72.17,-6.6,91.4,72.22,-6.6,91.4,71.56,-6.6,91.4,71.68,-6.6,91.4,71.86,-6.6,91.4,71.49,-6.6,91.4,71.88,-6.6,91.4,72.05,-6.6,91.4,72.15,-6.6,91.4,71.71,-6.6,91.4,71.62,-6.6,91.4,72.17,-6.6,91.4,71.64,-6.6,91.4,71.84,-6.6,91.4,71.52,-6.6,91.4,72.2,-6.6,91.4,71.54,-6.6,91.4,71.58,-6.6,91.4,71.77,-6.6,91.4,71.98,-6.6,91.4,71.79,-6.6,91.4,71.49,-6.6,91.4,71.88,-6.6,91.4,71.84,-6.6,91.4,71.47,-6.6,91.4,71.97,-6.6,91.4,71.9,-6.6,91.4,72.36,-6.6,91.4,71.82,-6.6,91.4,72.33,-6.6,91.4,71.47,-6.6,91.4,71.45,-6.6,91.4,71.86,-6.6,91.4,72.27,-6.6,91.4,72.3,-6.6,91.4,71.46,-6.6,91.4,71.73,-6.6,91.4,72.34,-6.6,91.4,72.04,-6.6,91.4,72.14,-6.6,91.4,71.8,-6.6,91.4,72.08,-6.6,91.4,72.44,-6.6,91.4,72.1,-6.6,91.4,71.55,-6.6,91.4,72.24,-6.6,91.4,69.96,-6.6,91.4,67.93
0.11,96.9,75.61,2,90.4,77.83,2,88.8,71.12,-0.46,90.4,71.16,-0.46,90.4,70.63,0.56,90.4,71.2,0.56,90.4,71.04,-7.6,90.4,71.17,0.56,90.4,70.55,0.56,90.4,70.62,-7.6,90.4,71.38,-7.6,90.4,70.78,-7.6,90.4,71.39,-7.6,90.4,70.53,-7.6,90.4,71.26,-7.6,90.4,71.27,-7.6,90.4,71.18,-7.6,90.4,70.91,-7.6,90.4,71.14,-7.6,90.4,71.23,-7.6,90.4,71.24,-7.6,90.4,70.54,-7.6,90.4,71.04,-7.6,90.4,70.55,-7.6,90.4,71.24,-7.6,90.4,71.29,-7.6,90.4,70.59,-7.6,90.4,70.68,-7.6,90.4,70.9,-7.6,90.4,71.19,-7.6,90.4,70.48,-7.6,90.4,70.99,-7.6,90.4,71.41,-7.6,90.4,71.07,-7.6,90.4,71.41,-7.6,90.4,71.15,-7.6,90.4,70.49,-7.6,90.4,70.71,-7.6,90.4,70.53,-7.6,90.4,71.31,-7.6,90.4,70.79,-7.6,90.4,70.5,-7.6,90.4,71.3,-7.6,90.4,70.98,-7.6,90.4,71.38,-7.6,90.4,71.25,-7.6,90.4,70.65,-7.6,90.4,70.72,-7.6,90.4,70.76,-7.6,90.4,71.32,-7.6,90.4,70.8,-7.6,90.4,70.96,-7.6,90.4,71.17,-7.6,90.4,71.22,-7.6,90.4,70.56,-7.6,90.4,70.68,-7.6,90.4,70.86,-7.6,90.4,70.49,-7.6,90.4,70.88,-7.6,90.4,71.05,-7.6,90.4,71.15,-7.6,90.4,70.71,-7.6,90.4,70.62,-7.6,90.4,71.17,-7.6,90.4,70.64,-7.6,90.4,70.84,-7.6,90.4,70.52,-7.6,90.4,71.2,-7.6,90.4,70.54,-7.6,90.4,70.58,-7.6,90.4,70.77,-7.6,90.4,70.98,-7.6,90.4,70.79,-7.6,90.4,70.49,-7.6,90.4,70.88,-7.6,90.4,70.84,-7.6,90.4,70.47,-7.6,90.4,70.97,-7.6,90.4,70.9,-7.6,90.4,71.36,-7.6,90.4,70.82,-7.6,90.4,71.33,-7.6,90.4,70.47,-7.6,90.4,70.45,-7.6,90.4,70.86,-7.6,90.4,71.27,-7.6,90.4,71.3,-7.6,90.4,70.46,-7.6,90.4,70.73,-7.6,90.4,71.34,-7.6,90.4,71.04,-7.6,90.4,71.14,-7.6,90.4,70.8,-7.6,90.4,71.08,-7.6,90.4,71.44,-7.6,90.4,71.1,-7.6,90.4,70.55,-7.6,90.4,71.24,-7.6,90.4,68.96,-7.6,90.4,66.93
0.12,96.8,75.31,2.2,89.4,77.63,2.2,87.6,70.12,-0.44,89.4,70.16,-0.44,89.4,69.63,0.76,89.4,70.2,0.76,89.4,70.04,-8.6,89.4,70.17,0.76,89.4,69.55,0.76,89.4,69.62,-8.6,89.4,70.38,-8.6,89.4,69.78,-8.6,89.4,70.39,-8.6,89.4,69.53,-8.6,89.4,70.26,-8.6,89.4,70.27,-8.6,89.4,70.18,-8.6,89.4,69.91,-8.6,89.4,70.14,-8.6,89.4,70.23,-8.6,89.4,70.24,-8.6,89.4,69.54,-8.6,89.4,70.04,-8.6,89.4,69.55,-8.6,89.4,70.24,-8.6,89.4,70.29,-8.6,89.4,69.59,-8.6,89.4,69.68,-8.6,89.4,69.9,-8.6,89.4,70.19,-8.6,89.4,69.48,-8.6,89.4,69.99,-8.6,89.4,70.41,-8.6,89.4,70.07,-8.6,89.4,70.41,-8.6,89.4,70.15,-8.6,89.4,69.49,-8.6,89.4,69.71,-8.6,89.4,69.53,-8.6,89.4,70.31,-8.6,89.4,69.79,-8.6,89.4,69.5,-8.6,89.4,70.3,-8.6,89.4,69.98,-8.6,89.4,70.38,-8.6,89.4,70.25,-8.6,89.4,69.65,-8.6,89.4,69.72,-8.6,89.4,69.76,-8.6,89.4,70.32,-8.6,89.4,69.8,-8.6,89.4,69.96,-8.6,89.4,70.17,-8.6,89.4,70.22,-8.6,89.4,69.56,-8.6,89.4,69.68,-8.6,89.4,69.86,-8.6,89.4,69.49,-8.6,89.4,69.88,-8.6,89.4,70.05,-8.6,89.4,70.15,-8.6,89.4,69.71,-8.6,89.4,69.62,-8.6,89.4,70.17,-8.6,89.4,69.64,-8.6,89.4,69.84,-8.6,89.4,69.52,-8.6,89.4,70.2,-8.6,89.4,69.54,-8.6,89.4,69.58,-8.6,89.4,69.77,-8.6,89.4,69.98,-8.6,89.4,69.79,-8.6,89.4,69.49,-8.6,89.4,69.88,-8.6,89.4,69.84,-8.6,89.4,69.47,-8.6,89.4,69.97,-8.6,89.4,69.9,-8.6,89.4,70.36,-8.6,89.4,69.82,-8.6,89.4,70.33,-8.6,89.4,69.47,-8.6,89.4,69.45,-8.6,89.4,69.86,-8.6,89.4,70.27,-8.6,89.4,70.3,-8.6,89.4,69.46,-8.6,89.4,69.73,-8.6,89.4,70.34,-8.6,89.4,70.04,-8.6,89.4,70.14,-8.6,89.4,69.8,-8.6,89.4,70.08,-8.6,89.4,70.44,-8.6,89.4,70.1,-8.6,89.4,69.55,-8.6,89.4,70.24,-8.6,89.4,67.96,-8.6,89.4,65.93
0.13,96.7,75.01,2.4,88.4,77.43,2.4,86.4,69.12,-0.42,88.4,69.16,-0.42,88.4,68.63,-0.24,88.4,69.2,-0.24,88.4,69.04,-9.6,88.4,69.17,-0.24,88.4,68.55,-0.24,88.4,68.62,-9.6,88.4,69.38,-9.6,88.4,68.78,-9.6,88.4,69.39,-9.6,88.4,68.53,-9.6,88.4,69.26,-9.6,88.4,69.27,-9.6,88.4,69.18,-9.6,88.4,68.91,-9.6,88.4,69.14,-9.6,88.4,69.23,-9.6,88.4,69.24,-9.6,88.4,68.54,-9.6,88.4,69.04,-9.6,88.4,68.55,-9.6,88.4,69.24,-9.6,88.4,69.29,-9.6,88.4,68.59,-9.6,88.4,68.68,-9.6,88.4,68.9,-9.6,88.4,69.19,-9.6,88.4,68.48,-9.6,88.4,68.99,-9.6,88.4,69.41,-9.6,88.4,69.07,-9.6,88.4,69.41,-9.6,88.4,69.15,-9.6,88.4,68.49,-9.6,88.4,68.71,-9.6,88.4,68.53,-9.6,88.4,69.31,-9.6,88.4,68.79,-9.6,88.4,68.5,-9.6,88.4,69.3,-9.6,88.4,68.98,-9.6,88.4,69.38,-9.6,88.4,69.25,-9.6,88.4,68.65,-9.6,88.4,68.72,-9.6,88.4,68.76,-9.6,88.4,69.32,-9.6,88.4,68.8,-9.6,88.4,68.96,-9.6,88.4,69.17,-9.6,88.4,69.22,-9.6,88.4,68.56,-9.6,88.4,68.68,-9.6,88.4,68.86,-9.6,88.4,68.49,-9.6,88.4,68.88,-9.6,88.4,69.05,-9.6,88.4,69.15,-9.6,88.4,68.71,-9.6,88.4,68.62,-9.6,88.4,69.17,-9.6,88.4,68.64,-9.6,88.4,68.84,-9.6,88.4,68.52,-9.6,88.4,69.2,-9.6,88.4,68.54,-9.6,88.4,68.58,-9.6,88.4,68.77,-9.6,88.4,68.98,-9.6,88.4,68.79,-9.6,88.4,68.49,-9.6,88.4,68.88,-9.6,88.4,68.84,-9.6,88.4,68.47,-9.6,88.4,68.97,-9.6,88.4,68.9,-9.6,88.4,69.36,-9.6,88.4,68.82,-9.6,88.4,69.33,-9.6,88.4,68.47,-9.6,88.4,68.45,-9.6,88.4,68.86,-9.6,88.4,69.27,-9.6,88.4,69.3,-9.6,88.4,68.46,-9.6,88.4,68.73,-9.6,88.4,69.34,-9.6,88.4,69.04,-9.6,88.4,69.14,-9.6,88.4,68.8,-9.6,88.4,69.08,-9.6,88.4,69.44,-9.6,88.4,69.1,-9.6,88.4,68.55,-9.6,88.4,69.24,-9.6,88.4,66.96,-9.6,88.4,64.93
0.14,96.6,74.71,2.6,87.4,77.23,2.6,85.2,68.12,-0.4,87.4,68.16,-0.4,87.4,67.63,0.68,87.4,68.2,0.68,87.4,68.04,-10.6,87.4,68.17,0.68,87.4,67.55,0.68,87.4,67.62,-10.6,87.4,68.38,-10.6,87.4,67.78,-10.6,87.4,68.39,-10.6,87.4,67.53,-10.6,87.4,68.26,-10.6,87.4,68.27,-10.6,87.4,68.18,-10.6,87.4,67.91,-10.6,87.4,68.14,-10.6,87.4,68.23,-10.6,87.4,68.24,-10.6,87.4,67.54,-10.6,87.4,68.04,-10.6,87.4,67.55,-10.6,87.4,68.24,-10.6,87.4,68.29,-10.6,87.4,67.59,-10.6,87.4,67.68,-10.6,87.4,67.9,-10.6,87.4,68.19,-10.6,87.4,67.48,-10.6,87.4,67.99,-10.6,87.4,68.41,-10.6,87.4,68.07,-10.6,87.4,68.41,-10.6,87.4,68.15,-10.6,87.4,67.49,-10.6,87.4,67.71,-10.6,87.4,67.53,-10.6,87.4,68.31,-10.6,87.4,67.79,-10.6,87.4,67.5,-10.6,87.4,68.3,-10.6,87.4,67.98,-10.6,87.4,68.38,-10.6,87.4,68.25,-10.6,87.4,67.65,-10.6,87.4,67.72,-10.6,87.4,67.76,-10.6,87.4,68.32,-10.6,87.4,67.8,-10.6,87.4,67.96,-10.6,87.4,68.17,-10.6,87.4,68.22,-10.6,87.4,67.56,-10.6,87.4,67.68,-10.6,87.4,67.86,-10.6,87.4,67.49,-10.6,87.4,67.88,-10.6,87.4,68.05,-10.6,87.4,68.15,-10.6,87.4,67.71,-10.6,87.4,67.62,-10.6,87.4,68.17,-10.6,87.4,67.64,-10.6,87.4,67.84,-10.6,87.4,67.52,-10.6,87.4,68.2,-10.6,87.4,67.54,-10.6,87.4,67.58,-10.6,87.4,67.77,-10.6,87.4,67.98,-10.6,87.4,67.79,-10.6,87.4,67.49,-10.6,87.4,67.88,-10.6,87.4,67.84,-10.6,87.4,67.47,-10.6,87.4,67.97,-10.6,87.4,67.9,-10.6,87.4,68.36,-10.6,87.4,67.82,-10.6,87.4,68.33,-10.6,87.4,67.47,-10.6,87.4,67.45,-10.6,87.4,67.86,-10.6,87.4,68.27,-10.6,87.4,68.3,-10.6,87.4,67.46,-10.6,87.4,67.73,-10.6,87.4,68.34,-10.6,87.4,68.04,-10.6,87.4,68.14,-10.6,87.4,67.8,-10.6,87.4,68.08,-10.6,87.4,68.44,-10.6,87.4,68.1,-10.6,87.4,67.55,-10.6,87.4,68.24,-10.6,87.4,65.96,-10.6,87.4,63.93
0.15,96.5,74.41,2.8,86.4,77.03,2.8,84,67.12,-0.38,86.4,67.16,-0.38,86.4,66.63,0.88,86.4,67.2,0.88,86.4,67.04,-11.6,86.4,67.17,0.88,86.4,66.55,0.88,86.4,66.62,-11.6,86.4,67.38,-11.6,86.4,66.78,-11.6,86.4,67.39,-11.6,86.4,66.53,-11.6,86.4,67.26,-11.6,86.4,67.27,-11.6,86.4,67.18,-11.6,86.4,66.91,-11.6,86.4,67.14,-11.6,86.4,67.23,-11.6,86.4,67.24,-11.6,86.4,66.54,-11.6,86.4,67.04,-11.6,86.4,66.55,-11.6,86.4,67.24,-11.6,86.4,67.29,-11.6,86.4,66.59,-11.6,86.4,66.68,-11.6,86.4,66.9,-11.6,86.4,67.19,-11.6,86.4,66.48,-11.6,86.4,66.99,-11.6,86.4,67.41,-11.6,86.4,67.07,-11.6,86.4,67.41,-11.6,86.4,67.15,-11.6,86.4,66.49,-11.6,86.4,66.71,-11.6,86.4,66.53,-11.6,86.4,67.31,-11.6,86.4,66.79,-11.6,86.4,66.5,-11.6,86.4,67.3,-11.6,86.4,66.98,-11.6,86.4,67.38,-11.6,86.4,67.25,-11.6,86.4,66.65,-11.6,86.4,66.72,-11.6,86.4,66.76,-11.6,86.4,67.32,-11.6,86.4,66.8,-11.6,86.4,66.96,-11.6,86.4,67.17,-11.6,86.4,67.22,-11.6,86.4,66.56,-11.6,86.4,66.68,-11.6,86.4,66.86,-11.6,86.4,66.49,-11.6,86.4,66.88,-11.6,86.4,67.05,-11.6,86.4,67.15,-11.6,86.4,66.71,-11.6,86.4,66.62,-11.6,86.4,67.17,-11.6,86.4,66.64,-11.6,86.4,66.84,-11.6,86.4,66.52,-11.6,86.4,67.2,-11.6,86.4,66.54,-11.6,86.4,66.58,-11.6,86.4,66.77,-11.6,86.4,66.98,-11.6,86.4,66.79,-11.6,86.4,66.49,-11.6,86.4,66.88,-11.6,86.4,66.84,-11.6,86.4,66.47,-11.6,86.4,66.97,-11.6,86.4,66.9,-11.6,86.4,67.36,-11.6,86.4,66.82,-11.6,86.4,67.33,-11.6,86.4,66.47,-11.6,86.4,66.45,-11.6,86.4,66.86,-11.6,86.4,67.27,-11.6,86.4,67.3,-11.6,86.4,66.46,-11.6,86.4,66.73,-11.6,86.4,67.34,-11.6,86.4,67.04,-11.6,86.4,67.14,-11.6,86.4,66.8,-11.6,86.4,67.08,-11.6,86.4,67.44,-11.6,86.4,67.1,-11.6,86.4,66.55,-11.6,86.4,67.24,-11.6,86.4,64.96,-11.6,86.4,62.93
0.16,96.4,74.11,3,85.4,76.83,3,82.8,66.12,-0.36,85.4,66.16,-0.36,85.4,65.63,-0.12,85.4,66.2,-0.12,85.4,66.04,-12.6,85.4,66.17,-0.12,85.4,65.55,-0.12,85.4,65.62,-12.6,85.4,66.38,-12.6,85.4,65.78,-12.6,85.4,66.39,-12.6,85.4,65.53,-12.6,85.4,66.26,-12.6,85.4,66.27,-12.6,85.4,66.18,-12.6,85.4,65.91,-12.6,85.4,66.14,-12.6,85.4,66.23,-12.6,85.4,66.24,-12.6,85.4,65.54,-12.6,85.4,66.04,-12.6,85.4,65.55,-12.6,85.4,66.24,-12.6,85.4,66.29,-12.6,85.4,65.59,-12.6,85.4,65.68,-12.6,85.4,65.9,-12.6,85.4,66.19,-12.6,85.4,65.48,-12.6,85.4,65.99,-12.6,85.4,66.41,-12.6,85.4,66.07,-12.6,85.4,66.41,-12.6,85.4,66.15,-12.6,85.4,65.49,-12.6,85.4,65.71,-12.6,85.4,65.53,-12.6,85.4,66.31,-12.6,85.4,65.79,-12.6,85.4,65.5,-12.6,85.4,66.3,-12.6,85.4,65.98,-12.6,85.4,66.38,-12.6,85.4,66.25,-12.6,85.4,65.65,-12.6,85.4,65.72,-12.6,85.4,65.76,-12.6,85.4,66.32,-12.6,85.4,65.8,-12.6,85.4,65.96,-12.6,85.4,66.17,-12.6,85.4,66.22,-12.6,85.4,65.56,-12.6,85.4,65.68,-12.6,85.4,65.86,-12.6,85.4,65.49,-12.6,85.4,65.88,-12.6,85.4,66.05,-12.6,85.4,66.15,-12.6,85.4,65.71,-12.6,85.4,65.62,-12.6,85.4,66.17,-12.6,85.4,65.64,-12.6,85.4,65.84,-12.6,85.4,65.52,-12.6,85.4,66.2,-12.6,85.4,65.54,-12.6,85.4,65.58,-12.6,85.4,65.77,-12.6,85.4,65.98,-12.6,85.4,65.79,-12.6,85.4,65.49,-12.6,85.4,65.88,-12.6,85.4,65.84,-12.6,85.4,65.47,-12.6,85.4,65.97,-12.6,85.4,65.9,-12.6,85.4,66.36,-12.6,85.4,65.82,-12.6,85.4,66.33,-12.6,85.4,65.47,-12.6,85.4,65.45,-12.6,85.4,65.86,-12.6,85.4,66.27,-12.6,85.4,66.3,-12.6,85.4,65.46,-12.6,85.4,65.73,-12.6,85.4,66.34,-12.6,85.4,66.04,-12.6,85.4,66.14,-12.6,85.4,65.8,-12.6,85.4,66.08,-12.6,85.4,66.44,-12.6,85.4,66.1,-12.6,85.4,65.55,-12.6,85.4,66.24,-12.6,85.4,63.96,-12.6,85.4,61.93
0.17,96.3,73.81,3.2,84.4,76.63,3.2,81.6,65.12,-0.34,84.4,65.16,-0.34,84.4,64.63,0.8,84.4,65.2,0.8,84.4,65.04,-13.6,84.4,65.17,0.8,84.4,64.55,0.8,84.4,64.62,-13.6,84.4,65.38,-13.6,84.4,64.78,-13.6,84.4,65.39,-13.6,84.4,64.53,-13.6,84.4,65.26,-13.6,84.4,65.27,-13.6,84.4,65.18,-13.6,84.4,64.91,-13.6,84.4,65.14,-13.6,84.4,65.23,-13.6,84.4,65.24,-13.6,84.4,64.54,-13.6,84.4,65.04,-13.6,84.4,64.55,-13.6,84.4,65.24,-13.6,84.4,65.29,-13.6,84.4,64.59,-13.6,84.4,64.68,-13.6,84.4,64.9,-13.6,84.4,65.19,-13.6,84.4,64.48,-13.6,84.4,64.99,-13.6,84.4,65.41,-13.6,84.4,65.07,-13.6,84.4,65.41,-13.6,84.4,65.15,-13.6,84.4,64.49,-13.6,84.4,64.71,-13.6,84.4,64.53,-13.6,84.4,65.31,-13.6,84.4,64.79,-13.6,84.4,64.5,-13.6,84.4,65.3,-13.6,84.4,64.98,-13.6,84.4,65.38,-13.6,84.4,65.25,-13.6,84.4,64.65,-13.6,84.4,64.72,-13.6,84.4,64.76,-13.6,84.4,65.32,-13.6,84.4,64.8,-13.6,84.4,64.96,-13.6,84.4,65.17,-13.6,84.4,65.22,-13.6,84.4,64.56,-13.6,84.4,64.68,-13.6,84.4,64.86,-13.6,84.4,64.49,-13.6,84.4,64.88,-13.6,84.4,65.05,-13.6,84.4,65.15,-13.6,84.4,64.71,-13.6,84.4,64.62,-13.6,84.4,65.17,-13.6,84.4,64.64,-13.6,84.4,64.84,-13.6,84.4,64.52,-13.6,84.4,65.2,-13.6,84.4,64.54,-13.6,84.4,64.58,-13.6,84.4,64.77,-13.6,84.4,64.98,-13.6,84.4,64.79,-13.6,84.4,64.49,-13.6,84.4,64.88,-13.6,84.4,64.84,-13.6,84.4,64.47,-13.6,84.4,64.97,-13.6,84.4,64.9,-13.6,84.4,65.36,-13.6,84.4,64.82,-13.6,84.4,65.33,-13.6,84.4,64.47,-13.6,84.4,64.45,-13.6,84.4,64.86,-13.6,84.4,65.27,-13.6,84.4,65.3,-13.6,84.4,64.46,-13.6,84.4,64.73,-13.6,84.4,65.34,-13.6,84.4,65.04,-13.6,84.4,65.14,-13.6,84.4,64.8,-13.6,84.4,65.08,-13.6,84.4,65.44,-13.6,84.4,65.1,-13.6,84.4,64.55,-13.6,84.4,65.24,-13.6,84.4,62.96,-13.6,84.4,60.93
0.18,96.2,73.51,3.4,83.4,76.43,3.4,80.4,64.12,-0.32,83.4,64.16,-0.32,83.4,63.63,1,83.4,64.2,1,83.4,64.04,-14.6,83.4,64.17,1,83.4,63.55,1,83.4,63.62,-14.6,83.4,64.38,-14.6,83.4,63.78,-14.6,83.4,64.39,-14.6,83.4,63.53,-14.6,83.4,64.26,-14.6,83.4,64.27,-14.6,83.4,64.18,-14.6,83.4,63.91,-14.6,83.4,64.14,-14.6,83.4,64.23,-14.6,83.4,64.24,-14.6,83.4,63.54,-14.6,83.4,64.04,-14.6,83.4,63.55,-14.6,83.4,64.24,-14.6,83.4,64.29,-14.6,83.4,63.59,-14.6,83.4,63.68,-14.6,83.4,63.9,-14.6,83.4,64.19,-14.6,83.4,63.48,-14.6,83.4,63.99,-14.6,83.4,64.41,-14.6,83.4,64.07,-14.6,83.4,64.41,-14.6,83.4,64.15,-14.6,83.4,63.49,-14.6,83.4,63.71,-14.6,83.4,63.53,-14.6,83.4,64.31,-14.6,83.4,63.79,-14.6,83.4,63.5,-14.6,83.4,64.3,-14.6,83.4,63.98,-14.6,83.4,64.38,-14.6,83.4,64.25,-14.6,83.4,63.65,-14.6,83.4,63.72,-14.6,83.4,63.76,-14.6,83.4,64.32,-14.6,83.4,63.8,-14.6,83.4,63.96,-14.6,83.4,64.17,-14.6,83.4,64.22,-14.6,83.4,63.56,-14.6,83.4,63.68,-14.6,83.4,63.86,-14.6,83.4,63.49,-14.6,83.4,63.88,-14.6,83.4,64.05,-14.6,83.4,64.15,-14.6,83.4,63.71,-14.6,83.4,63.62,-14.6,83.4,64.17,-14.6,83.4,63.64,-14.6,83.4,63.84,-14.6,83.4,63.52,-14.6,83.4,64.2,-14.6,83.4,63.54,-14.6,83.4,63.58,-14.6,83.4,63.77,-14.6,83.4,63.98,-14.6,83.4,63.79,-14.6,83.4,63.49,-14.6,83.4,63.88,-14.6,83.4,63.84,-14.6,83.4,63.47,-14.6,83.4,63.97,-14.6,83.4,63.9,-14.6,83.4,64.36,-14.6,83.4,63.82,-14.6,83.4,64.33,-14.6,83.4,63.47,-14.6,83.4,63.45,-14.6,83.4,63.86,-14.6,83.4,64.27,-14.6,83.4,64.3,-14.6,83.4,63.46,-14.6,83.4,63.73,-14.6,83.4,64.34,-14.6,83.4,64.04,-14.6,83.4,64.14,-14.6,83.4,63.8,-14.6,83.4,64.08,-14.6,83.4,64.44,-14.6,83.4,64.1,-14.6,83.4,63.55,-14.6,83.4,64.24,-14.6,83.4,61.96,-14.6,83.4,59.93
0.19,96.1,73.21,3.6,82.4,76.23,3.6,79.2,63.12,-0.3,82.4,63.16,-0.3,82.4,62.63,0,82.4,63.2,0,82.4,63.04,-15.6,82.4,63.17,0,82.4,62.55,0,82.4,62.62,-15.6,82.4,63.38,-15.6,82.4,62.78,-15.6,82.4,63.39,-15.6,82.4,62.53,-15.6,82.4,63.26,-15.6,82.4,63.27,-15.6,82.4,63.18,-15.6,82.4,62.91,-15.6,82.4,63.14,-15.6,82.4,63.23,-15.6,82.4,63.24,-15.6,82.4,62.54,-15.6,82.4,63.04,-15.6,82.4,62.55,-15.6,82.4,63.24,-15.6,82.4,63.29,-15.6,82.4,62.59,-15.6,82.4,62.68,-15.6,82.4,62.9,-15.6,82.4,63.19,-15.6,82.4,62.48,-15.6,82.4,62.99,-15.6,82.4,63.41,-15.6,82.4,63.07,-15.6,82.4,63.41,-15.6,82.4,63.15,-15.6,82.4,62.49,-15.6,82.4,62.71,-15.6,82.4,62.53,-15.6,82.4,63.31,-15.6,82.4,62.79,-15.6,82.4,62.5,-15.6,82.4,63.3,-15.6,82.4,62.98,-15.6,82.4,63.38,-15.6,82.4,63.25,-15.6,82.4,62.65,-15.6,82.4,62.72,-15.6,82.4,62.76,-15.6,82.4,63.32,-15.6,82.4,62.8,-15.6,82.4,62.96,-15.6,82.4,63.17,-15.6,82.4,63.22,-15.6,82.4,62.56,-15.6,82.4,62.68,-15.6,82.4,62.86,-15.6,82.4,62.49,-15.6,82.4,62.88,-15.6,82.4,63.05,-15.6,82.4,63.15,-15.6,82.4,62.71,-15.6,82.4,62.62,-15.6,82.4,63.17,-15.6,82.4,62.64,-15.6,82.4,62.84,-15.6,82.4,62.52,-15.6,82.4,63.2,-15.6,82.4,62.54,-15.6,82.4,62.58,-15.6,82.4,62.77,-15.6,82.4,62.98,-15.6,82.4,62.79,-15.6,82.4,62.49,-15.6,82.4,62.88,-15.6,82.4,62.84,-15.6,82.4,62.47,-15.6,82.4,62.97,-15.6,82.4,62.9,-15.6,82.4,63.36,-15.6,82.4,62.82,-15.6,82.4,63.33,-15.6,82.4,62.47,-15.6,82.4,62.45,-15.6,82.4,62.86,-15.6,82.4,63.27,-15.6,82.4,63.3,-15.6,82.4,62.46,-15.6,82.4,62.73,-15.6,82.4,63.34,-15.6,82.4,63.04,-15.6,82.4,63.14,-15.6,82.4,62.8,-15.6,82.4,63.08,-15.6,82.4,63.44,-15.6,82.4,63.1,-15.6,82.4,62.55,-15.6,82.4,63.24,-15.6,82.4,60.96,-15.6,82.4,58.93
0.2,96,72.91,3.8,81.4,76.03,3.8,78,62.12,-0.28,81.4,62.16,-0.28,81.4,61.63,0.92,81.4,62.2,0.92,81.4,62.04,-16.6,81.4,62.17,0.92,81.4,61.55,0.92,81.4,61.62,-16.6,81.4,62.38,-16.6,81.4,61.78,-16.6,81.4,62.39,-16.6,81.4,61.53,-16.6,81.4,62.26,-16.6,81.4,62.27,-16.6,81.4,62.18,-16.6,81.4,61.91,-16.6,81.4,62.14,-16.6,81.4,62.23,-16.6,81.4,62.24,-16.6,81.4,61.54,-16.6,81.4,62.04,-16.6,81.4,61.55,-16.6,81.4,62.24,-16.6,81.4,62.29,-16.6,81.4,61.59,-16.6,81.4,61.68,-16.6,81.4,61.9,-16.6,81.4,62.19,-16.6,81.4,61.48,-16.6,81.4,61.99,-16.6,81.4,62.41,-16.6,81.4,62.07,-16.6,81.4,62.41,-16.6,81.4,62.15,-16.6,81.4,61.49,-16.6,81.4,61.71,-16.6,81.4,61.53,-16.6,81.4,62.31,-16.6,81.4,61.79,-16.6,81.4,61.5,-16.6,81.4,62.3,-16.6,81.4,61.98,-16.6,81.4,62.38,-16.6,81.4,62.25,-16.6,81.4,61.65,-16.6,81.4,61.72,-16.6,81.4,61.76,-16.6,81.4,62.32,-16.6,81.4,61.8,-16.6,81.4,61.96,-16.6,81.4,62.17,-16.6,81.4,62.22,-16.6,81.4,61.56,-16.6,81.4,61.68,-16.6,81.4,61.86,-16.6,81.4,61.49,-16.6,81.4,61.88,-16.6,81.4,62.05,-16.6,81.4,62.15,-16.6,81.4,61.71,-16.6,81.4,61.62,-16.6,81.4,62.17,-16.6,81.4,61.64,-16.6,81.4,61.84,-16.6,81.4,61.52,-16.6,81.4,62.2,-16.6,81.4,61.54,-16.6,81.4,61.58,-16.6,81.4,61.77,-16.6,81.4,61.98,-16.6,81.4,61.79,-16.6,81.4,61.49,-16.6,81.4,61.88,-16.6,81.4,61.84,-16.6,81.4,61.47,-16.6,81.4,61.97,-16.6,81.4,61.9,-16.6,81.4,62.36,-16.6,81.4,61.82,-16.6,81.4,62.33,-16.6,81.4,61.47,-16.6,81.4,61.45,-16.6,81.4,61.86,-16.6,81.4,62.27,-16.6,81.4,62.3,-16.6,81.4,61.46,-16.6,81.4,61.73,-16.6,81.4,62.34,-16.6,81.4,62.04,-16.6,81.4,62.14,-16.6,81.4,61.8,-16.6,81.4,62.08,-16.6,81.4,62.44,-16.6,81.4,62.1,-16.6,81.4,61.55,-16.6,81.4,62.24,-16.6,81.4,59.96,-16.6,81.4,57.93
0.21,95.9,72.61,4,80.4,75.83,4,76.8,61.12,-0.26,80.4,61.16,-0.26,80.4,60.63,1.12,80.4,61.2,1.12,80.4,61.04,-17.6,80.4,61.17,1.12,80.4,60.55,1.12,80.4,60.62,-17.6,80.4,61.38,-17.6,80.4,60.78,-17.6,80.4,61.39,-17.6,80.4,60.53,-17.6,80.4,61.26,-17.6,80.4,61.27,-17.6,80.4,61.18,-17.6,80.4,60.91,-17.6,80.4,61.14,-17.6,80.4,61.23,-17.6,80.4,61.24,-17.6,80.4,60.54,-17.6,80.4,61.04,-17.6,80.4,60.55,-17.6,80.4,61.24,-17.6,80.4,61.29,-17.6,80.4,60.59,-17.6,80.4,60.68,-17.6,80.4,60.9,-17.6,80.4,61.19,-17.6,80.4,60.48,-17.6,80.4,60.99,-17.6,80.4,61.41,-17.6,80.4,61.07,-17.6,80.4,61.41,-17.6,80.4,61.15,-17.6,80.4,60.49,-17.6,80.4,60.71,-17.6,80.4,60.53,-17.6,80.4,61.31,-17.6,80.4,60.79,-17.6,80.4,60.5,-17.6,80.4,61.3,-17.6,80.4,60.98,-17.6,80.4,61.38,-17.6,80.4,61.25,-17.6,80.4,60.65,-17.6,80.4,60.72,-17.6,80.4,60.76,-17.6,80.4,61.32,-17.6,80.4,60.8,-17.6,80.4,60.96,-17.6,80.4,61.17,-17.6,80.4,61.22,-17.6,80.4,60.56,-17.6,80.4,60.68,-17.6,80.4,60.86,-17.6,80.4,60.49,-17.6,80.4,60.88,-17.6,80.4,61.05,-17.6,80.4,61.15,-17.6,80.4,60.71,-17.6,80.4,60.62,-17.6,80.4,61.17,-17.6,80.4,60.64,-17.6,80.4,60.84,-17.6,80.4,60.52,-17.6,80.4,61.2,-17.6,80.4,60.54,-17.6,80.4,60.58,-17.6,80.4,60.77,-17.6,80.4,60.98,-17.6,80.4,60.79,-17.6,80.4,60.49,-17.6,80.4,60.88,-17.6,80.4,60.84,-17.6,80.4,60.47,-17.6,80.4,60.97,-17.6,80.4,60.9,-17.6,80.4,61.36,-17.6,80.4,60.82,-17.6,80.4,61.33,-17.6,80.4,60.47,-17.6,80.4,60.45,-17.6,80.4,60.86,-17.6,80.4,61.27,-17.6,80.4,61.3,-17.6,80.4,60.46,-17.6,80.4,60.73,-17.6,80.4,61.34,-17.6,80.4,61.04,-17.6,80.4,61.14,-17.6,80.4,60.8,-17.6,80.4,61.08,-17.6,80.4,61.44,-17.6,80.4,61.1,-17.6,80.4,60.55,-17.6,80.4,61.24,-17.6,80.4,58.96,-17.6,80.4,56.93
0.22,95.8,72.31,4.2,79.4,75.63,4.2,75.6,60.12,-0.24,79.4,60.16,-0.24,79.4,59.63,0.12,79.4,60.2,0.12,79.4,60.04,-18.6,79.4,60.17,0.12,79.4,59.55,0.12,79.4,59.62,-18.6,79.4,60.38,-18.6,79.4,59.78,-18.6,79.4,60.39,-18.6,79.4,59.53,-18.6,79.4,60.26,-18.6,79.4,60.27,-18.6,79.4,60.18,-18.6,79.4,59.91,-18.6,79.4,60.14,-18.6,79.4,60.23,-18.6,79.4,60.24,-18.6,79.4,59.54,-18.6,79.4,60.04,-18.6,79.4,59.55,-18.6,79.4,60.24,-18.6,79.4,60.29,-18.6,79.4,59.59,-18.6,79.4,59.68,-18.6,79.4,59.9,-18.6,79.4,60.19,-18.6,79.4,59.48,-18.6,79.4,59.99,-18.6,79.4,60.41,-18.6,79.4,60.07,-18.6,79.4,60.41,-18.6,79.4,60.15,-18.6,79.4,59.49,-18.6,79.4,59.71,-18.6,79.4,59.53,-18.6,79.4,60.31,-18.6,79.4,59.79,-18.6,79.4,59.5,-18.6,79.4,60.3,-18.6,79.4,59.98,-18.6,79.4,60.38,-18.6,79.4,60.25,-18.6,79.4,59.65,-18.6,79.4,59.72,-18.6,79.4,59.76,-18.6,79.4,60.32,-18.6,79.4,59.8,-18.6,79.4,59.96,-18.6,79.4,60.17,-18.6,79.4,60.22,-18.6,79.4,59.56,-18.6,79.4,59.68,-18.6,79.4,59.86,-18.6,79.4,59.49,-18.6,79.4,59.88,-18.6,79.4,60.05,-18.6,79.4,60.15,-18.6,79.4,59.71,-18.6,79.4,59.62,-18.6,79.4,60.17,-18.6,79.4,59.64,-18.6,79.4,59.84,-18.6,79.4,59.52,-18.6,79.4,60.2,-18.6,79.4,59.54,-18.6,79.4,59.58,-18.6,79.4,59.77,-18.6,79.4,59.98,-18.6,79.4,59.79,-18.6,79.4,59.49,-18.6,79.4,59.88,-18.6,79.4,59.84,-18.6,79.4,59.47,-18.6,79.4,59.97,-18.6,79.4,59.9,-18.6,79.4,60.36,-18.6,79.4,59.82,-18.6,79.4,60.33,-18.6,79.4,59.47,-18.6,79.4,59.45,-18.6,79.4,59.86,-18.6,79.4,60.27,-18.6,79.4,60.3,-18.6,79.4,59.46,-18.6,79.4,59.73,-18.6,79.4,60.34,-18.6,79.4,60.04,-18.6,79.4,60.14,-18.6,79.4,59.8,-18.6,79.4,60.08,-18.6,79.4,60.44,-18.6,79.4,60.1,-18.6,79.4,59.55,-18.6,79.4,60.24,-18.6,79.4,57.96,-18.6,79.4,55.93
0.23,95.7,72.01,4.4,78.4,75.43,4.4,74.4,59.12,-0.22,78.4,59.16,-0.22,78.4,58.63,1.04,78.4,59.2,1.04,78.4,59.04,-19.6,78.4,59.17,1.04,78.4,58.55,1.04,78.4,58.62,-19.6,78.4,59.38,-19.6,78.4,58.78,-19.6,78.4,59.39,-19.6,78.4,58.53,-19.6,78.4,59.26,-19.6,78.4,59.27,-19.6,78.4,59.18,-19.6,78.4,58.91,-19.6,78.4,59.14,-19.6,78.4,59.23,-19.6,78.4,59.24,-19.6,78.4,58.54,-19.6,78.4,59.04,-19.6,78.4,58.55,-19.6,78.4,59.24,-19.6,78.4,59.29,-19.6,78.4,58.59,-19.6,78.4,58.68,-19.6,78.4,58.9,-19.6,78.4,59.19,-19.6,78.4,58.48,-19.6,78.4,58.99,-19.6,78.4,59.41,-19.6,78.4,59.07,-19.6,78.4,59.41,-19.6,78.4,59.15,-19.6,78.4,58.49,-19.6,78.4,58.71,-19.6,78.4,58.53,-19.6,78.4,59.31,-19.6,78.4,58.79,-19.6,78.4,58.5,-19.6,78.4,59.3,-19.6,78.4,58.98,-19.6,78.4,59.38,-19.6,78.4,59.25,-19.6,78.4,58.65,-19.6,78.4,58.72,-19.6,78.4,58.76,-19.6,78.4,59.32,-19.6,78.4,58.8,-19.6,78.4,58.96,-19.6,78.4,59.17,-19.6,78.4,59.22,-19.6,78.4,58.56,-19.6,78.4,58.68,-19.6,78.4,58.86,-19.6,78.4,58.49,-19.6,78.4,58.88,-19.6,78.4,59.05,-19.6,78.4,59.15,-19.6,78.4,58.71,-19.6,78.4,58.62,-19.6,78.4,59.17,-19.6,78.4,58.64,-19.6,78.4,58.84,-19.6,78.4,58.52,-19.6,78.4,59.2,-19.6,78.4,58.54,-19.6,78.4,58.58,-19.6,78.4,58.77,-19.6,78.4,58.98,-19.6,78.4,58.79,-19.6,78.4,58.49,-19.6,78.4,58.88,-19.6,78.4,58.84,-19.6,78.4,58.47,-19.6,78.4,58.97,-19.6,78.4,58.9,-19.6,78.4,59.36,-19.6,78.4,58.82,-19.6,78.4,59.33,-19.6,78.4,58.47,-19.6,78.4,58.45,-19.6,78.4,58.86,-19.6,78.4,59.27,-19.6,78.4,59.3,-19.6,78.4,58.46,-19.6,78.4,58.73,-19.6,78.4,59.34,-19.6,78.4,59.04,-19.6,78.4,59.14,-19.6,78.4,58.8,-19.6,78.4,59.08,-19.6,78.4,59.44,-19.6,78.4,59.1,-19.6,78.4,58.55,-19.6,78.4,59.24,-19.6,78.4,56.96,-19.6,78.4,54.93
0.24,95.6,71.71,4.6,77.4,75.23,4.6,73.2,58.12,-0.2,77.4,58.16,-0.2,77.4,57.63,1.24,77.4,58.2,1.24,77.4,58.04,-20.6,77.4,58.17,1.24,77.4,57.55,1.24,77.4,57.62,-20.6,77.4,58.38,-20.6,77.4,57.78,-20.6,77.4,58.39,-20.6,77.4,57.53,-20.6,77.4,58.26,-20.6,77.4,58.27,-20.6,77.4,58.18,-20.6,77.4,57.91,-20.6,77.4,58.14,-20.6,77.4,58.23,-20.6,77.4,58.24,-20.6,77.4,57.54,-20.6,77.4,58.04,-20.6,77.4,57.55,-20.6,77.4,58.24,-20.6,77.4,58.29,-20.6,77.4,57.59,-20.6,77.4,57.68,-20.6,77.4,57.9,-20.6,77.4,58.19,-20.6,77.4,57.48,-20.6,77.4,57.99,-20.6,77.4,58.41,-20.6,77.4,58.07,-20.6,77.4,58.41,-20.6,77.4,58.15,-20.6,77.4,57.49,-20.6,77.4,57.71,-20.6,77.4,57.53,-20.6,77.4,58.31,-20.6,77.4,57.79,-20.6,77.4,57.5,-20.6,77.4,58.3,-20.6,77.4,57.98,-20.6,77.4,58.38,-20.6,77.4,58.25,-20.6,77.4,57.65,-20.6,77.4,57.72,-20.6,77.4,57.76,-20.6,77.4,58.32,-20.6,77.4,57.8,-20.6,77.4,57.96,-20.6,77.4,58.17,-20.6,77.4,58.22,-20.6,77.4,57.56,-20.6,77.4,57.68,-20.6,77.4,57.86,-20.6,77.4,57.49,-20.6,77.4,57.88,-20.6,77.4,58.05,-20.6,77.4,58.15,-20.6,77.4,57.71,-20.6,77.4,57.62,-20.6,77.4,58.17,-20.6,77.4,57.64,-20.6,77.4,57.84,-20.6,77.4,57.52,-20.6,77.4,58.2,-20.6,77.4,57.54,-20.6,77.4,57.58,-20.6,77.4,57.77,-20.6,77.4,57.98,-20.6,77.4,57.79,-20.6,77.4,57.49,-20.6,77.4,57.88,-20.6,77.4,57.84,-20.6,77.4,57.47,-20.6,77.4,57.97,-20.6,77.4,57.9,-20.6,77.4,58.36,-20.6,77.4,57.82,-20.6,77.4,58.33,-20.6,77.4,57.47,-20.6,77.4,57.45,-20.6,77.4,57.86,-20.6,77.4,58.27,-20.6,77.4,58.3,-20.6,77.4,57.46,-20.6,77.4,57.73,-20.6,77.4,58.34,-20.6,77.4,58.04,-20.6,77.4,58.14,-20.6,77.4,57.8,-20.6,77.4,58.08,-20.6,77.4,58.44,-20.6,77.4,58.1,-20.6,77.4,57.55,-20.6,77.4,58.24,-20.6,77.4,55.96,-20.6,77.4,53.93
0.25,95.5,71.41,4.8,76.4,75.03,4.8,72,57.12,-0.18,76.4,57.16,-0.18,76.4,56.63,0.24,76.4,57.2,0.24,76.4,57.04,-21.6,76.4,57.17,0.24,76.4,56.55,0.24,76.4,56.62,-21.6,76.4,57.38,-21.6,76.4,56.78,-21.6,76.4,57.39,-21.6,76.4,56.53,-21.6,76.4,57.26,-21.6,76.4,57.27,-21.6,76.4,57.18,-21.6,76.4,56.91,-21.6,76.4,57.14,-21.6,76.4,57.23,-21.6,76.4,57.24,-21.6,76.4,56.54,-21.6,76.4,57.04,-21.6,76.4,56.55,-21.6,76.4,57.24,-21.6,76.4,57.29,-21.6,76.4,56.59,-21.6,76.4,56.68,-21.6,76.4,56.9,-21.6,76.4,57.19,-21.6,76.4,56.48,-21.6,76.4,56.99,-21.6,76.4,57.41,-21.6,76.4,57.07,-21.6,76.4,57.41,-21.6,76.4,57.15,-21.6,76.4,56.49,-21.6,76.4,56.71,-21.6,76.4,56.53,-21.6,76.4,57.31,-21.6,76.4,56.79,-21.6,76.4,56.5,-21.6,76.4,57.3,-21.6,76.4,56.98,-21.6,76.4,57.38,-21.6,76.4,57.25,-21.6,76.4,56.65,-21.6,76.4,56.72,-21.6,76.4,56.76,-21.6,76.4,57.32,-21.6,76.4,56.8,-21.6,76.4,56.96,-21.6,76.4,57.17,-21.6,76.4,57.22,-21.6,76.4,56.56,-21.6,76.4,56.68,-21.6,76.4,56.86,-21.6,76.4,56.49,-21.6,76.4,56.88,-21.6,76.4,57.05,-21.6,76.4,57.15,-21.6,76.4,56.71,-21.6,76.4,56.62,-21.6,76.4,57.17,-21.6,76.4,56.64,-21.6,76.4,56.84,-21.6,76.4,56.52,-21.6,76.4,57.2,-21.6,76.4,56.54,-21.6,76.4,56.58,-21.6,76.4,56.77,-21.6,76.4,56.98,-21.6,76.4,56.79,-21.6,76.4,56.49,-21.6,76.4,56.88,-21.6,76.4,56.84,-21.6,76.4,56.47,-21.6,76.4,56.97,-21.6,76.4,56.9,-21.6,76.4,57.36,-21.6,76.4,56.82,-21.6,76.4,57.33,-21.6,76.4,56.47,-21.6,76.4,56.45,-21.6,76.4,56.86,-21.6,76.4,57.27,-21.6,76.4,57.3,-21.6,76.4,56.46,-21.6,76.4,56.73,-21.6,76.4,57.34,-21.6,76.4,57.04,-21.6,76.4,57.14,-21.6,76.4,56.8,-21.6,76.4,57.08,-21.6,76.4,57.44,-21.6,76.4,57.1,-21.6,76.4,56.55,-21.6,76.4,57.24,-21.6,76.4,54.96,-21.6,76.4,52.93
0.26,95.4,71.11,5,75.4,74.83,5,70.8,56.12,-0.16,75.4,56.16,-0.16,75.4,55.63,1.16,75.4,56.2,1.16,75.4,56.04,-22.6,75.4,56.17,1.16,75.4,55.55,1.16,75.4,55.62,-22.6,75.4,56.38,-22.6,75.4,55.78,-22.6,75.4,56.39,-22.6,75.4,55.53,-22.6,75.4,56.26,-22.6,75.4,56.27,-22.6,75.4,56.18,-22.6,75.4,55.91,-22.6,75.4,56.14,-22.6,75.4,56.23,-22.6,75.4,56.24,-22.6,75.4,55.54,-22.6,75.4,56.04,-22.6,75.4,55.55,-22.6,75.4,56.24,-22.6,75.4,56.29,-22.6,75.4,55.59,-22.6,75.4,55.68,-22.6,75.4,55.9,-22.6,75.4,56.19,-22.6,75.4,55.48,-22.6,75.4,55.99,-22.6,75.4,56.41,-22.6,75.4,56.07,-22.6,75.4,56.41,-22.6,75.4,56.15,-22.6,75.4,55.49,-22.6,75.4,55.71,-22.6,75.4,55.53,-22.6,75.4,56.31,-22.6,75.4,55.79,-22.6,75.4,55.5,-22.6,75.4,56.3,-22.6,75.4,55.98,-22.6,75.4,56.38,-22.6,75.4,56.25,-22.6,75.4,55.65,-22.6,75.4,55.72,-22.6,75.4,55.76,-22.6,75.4,56.32,-22.6,75.4,55.8,-22.6,75.4,55.96,-22.6,75.4,56.17,-22.6,75.4,56.22,-22.6,75.4,55.56,-22.6,75.4,55.68,-22.6,75.4,55.86,-22.6,75.4,55.49,-22.6,75.4,55.88,-22.6,75.4,56.05,-22.6,75.4,56.15,-22.6,75.4,55.71,-22.6,75.4,55.62,-22.6,75.4,56.17,-22.6,75.4,55.64,-22.6,75.4,55.84,-22.6,75.4,55.52,-22.6,75.4,56.2,-22.6,75.4,55.54,-22.6,75.4,55.58,-22.6,75.4,55.77,-22.6,75.4,55.98,-22.6,75.4,55.79,-22.6,75.4,55.49,-22.6,75.4,55.88,-22.6,75.4,55.84,-22.6,75.4,55.47,-22.6,75.4,55.97,-22.6,75.4,55.9,-22.6,75.4,56.36,-22.6,75.4,55.82,-22.6,75.4,56.33,-22.6,75.4,55.47,-22.6,75.4,55.45,-22.6,75.4,55.86,-22.6,75.4,56.27,-22.6,75.4,56.3,-22.6,75.4,55.46,-22.6,75.4,55.73,-22.6,75.4,56.34,-22.6,75.4,56.04,-22.6,75.4,56.14,-22.6,75.4,55.8,-22.6,75.4,56.08,-22.6,75.4,56.44,-22.6,75.4,56.1,-22.6,75.4,55.55,-22.6,75.4,56.24,-22.6,75.4,53.96,-22.6,75.4,51.93
0.27,95.3,70.81,5.2,74.4,74.63,5.2,69.6,55.12,-0.14,74.4,55.16,-0.14,74.4,54.63,1.36,74.4,55.2,1.36,74.4,55.04,-23.6,74.4,55.17,1.36,74.4,54.55,1.36,74.4,54.62,-23.6,74.4,55.38,-23.6,74.4,54.78,-23.6,74.4,55.39,-23.6,74.4,54.53,-23.6,74.4,55.26,-23.6,74.4,55.27,-23.6,74.4,55.18,-23.6,74.4,54.91,-23.6,74.4,55.14,-23.6,74.4,55.23,-23.6,74.4,55.24,-23.6,74.4,54.54,-23.6,74.4,55.04,-23.6,74.4,54.55,-23.6,74.4,55.24,-23.6,74.4,55.29,-23.6,74.4,54.59,-23.6,74.4,54.68,-23.6,74.4,54.9,-23.6,74.4,55.19,-23.6,74.4,54.48,-23.6,74.4,54.99,-23.6,74.4,55.41,-23.6,74.4,55.07,-23.6,74.4,55.41,-23.6,74.4,55.15,-23.6,74.4,54.49,-23.6,74.4,54.71,-23.6,74.4,54.53,-23.6,74.4,55.31,-23.6,74.4,54.79,-23.6,74.4,54.5,-23.6,74.4,55.3,-23.6,74.4,54.98,-23.6,74.4,55.38,-23.6,74.4,55.25,-23.6,74.4,54.65,-23.6,74.4,54.72,-23.6,74.4,54.76,-23.6,74.4,55.32,-23.6,74.4,54.8,-23.6,74.4,54.96,-23.6,74.4,55.17,-23.6,74.4,55.22,-23.6,74.4,54.56,-23.6,74.4,54.68,-23.6,74.4,54.86,-23.6,74.4,54.49,-23.6,74.4,54.88,-23.6,74.4,55.05,-23.6,74.4,55.15,-23.6,74.4,54.71,-23.6,74.4,54.62,-23.6,74.4,55.17,-23.6,74.4,54.64,-23.6,74.4,54.84,-23.6,74.4,54.52,-23.6,74.4,55.2,-23.6,74.4,54.54,-23.6,74.4,54.58,-23.6,74.4,54.77,-23.6,74.4,54.98,-23.6,74.4,54.79,-23.6,74.4,54.49,-23.6,74.4,54.88,-23.6,74.4,54.84,-23.6,74.4,54.47,-23.6,74.4,54.97,-23.6,74.4,54.9,-23.6,74.4,55.36,-23.6,74.4,54.82,-23.6,74.4,55.33,-23.6,74.4,54.47,-23.6,74.4,54.45,-23.6,74.4,54.86,-23.6,74.4,55.27,-23.6,74.4,55.3,-23.6,74.4,54.46,-23.6,74.4,54.73,-23.6,74.4,55.34,-23.6,74.4,55.04,-23.6,74.4,55.14,-23.6,74.4,54.8,-23.6,74.4,55.08,-23.6,74.4,55.44,-23.6,74.4,55.1,-23.6,74.4,54.55,-23.6,74.4,55.24,-23.6,74.4,52.96,-23.6,74.4,50.93
0.28,95.2,70.51,5.4,73.4,74.43,5.4,68.4,54.12,-0.12,73.4,54.16,-0.12,73.4,53.63,0.36,73.4,54.2,0.36,73.4,54.04,-24.6,73.4,54.17,0.36,73.4,53.55,0.36,73.4,53.62,-24.6,73.4,54.38,-24.6,73.4,53.78,-24.6,73.4,54.39,-24.6,73.4,53.53,-24.6,73.4,54.26,-24.6,73.4,54.27,-24.6,73.4,54.18,-24.6,73.4,53.91,-24.6,73.4,54.14,-24.6,73.4,54.23,-24.6,73.4,54.24,-24.6,73.4,53.54,-24.6,73.4,54.04,-24.6,73.4,53.55,-24.6,73.4,54.24,-24.6,73.4,54.29,-24.6,73.4,53.59,-24.6,73.4,53.68,-24.6,73.4,53.9,-24.6,73.4,54.19,-24.6,73.4,53.48,-24.6,73.4,53.99,-24.6,73.4,54.41,-24.6,73.4,54.07,-24.6,73.4,54.41,-24.6,73.4,54.15,-24.6,73.4,53.49,-24.6,73.4,53.71,-24.6,73.4,53.53,-24.6,73.4,54.31,-24.6,73.4,53.79,-24.6,73.4,53.5,-24.6,73.4,54.3,-24.6,73.4,53.98,-24.6,73.4,54.38,-24.6,73.4,54.25,-24.6,73.4,53.65,-24.6,73.4,53.72,-24.6,73.4,53.76,-24.6,73.4,54.32,-24.6,73.4,53.8,-24.6,73.4,53.96,-24.6,73.4,54.17,-24.6,73.4,54.22,-24.6,73.4,53.56,-24.6,73.4,53.68,-24.6,73.4,53.86,-24.6,73.4,53.49,-24.6,73.4,53.88,-24.6,73.4,54.05,-24.6,73.4,54.15,-24.6,73.4,53.71,-24.6,73.4,53.62,-24.6,73.4,54.17,-24.6,73.4,53.64,-24.6,73.4,53.84,-24.6,73.4,53.52,-24.6,73.4,54.2,-24.6,73.4,53.54,-24.6,73.4,53.58,-24.6,73.4,53.77,-24.6,73.4,53.98,-24.6,73.4,53.79,-24.6,73.4,53.49,-24.6,73.4,53.88,-24.6,73.4,53.84,-24.6,73.4,53.47,-24.6,73.4,53.97,-24.6,73.4,53.9,-24.6,73.4,54.36,-24.6,73.4,53.82,-24.6,73.4,54.33,-24.6,73.4,53.47,-24.6,73.4,53.45,-24.6,73.4,53.86,-24.6,73.4,54.27,-24.6,73.4,54.3,-24.6,73.4,53.46,-24.6,73.4,53.73,-24.6,73.4,54.34,-24.6,73.4,54.04,-24.6,73.4,54.14,-24.6,73.4,53.8,-24.6,73.4,54.08,-24.6,73.4,54.44,-24.6,73.4,54.1,-24.6,73.4,53.55,-24.6,73.4,54.24,-24.6,73.4,51.96,-24.6,73.4,49.93
0.29,95.1,70.21,5.6,72.4,74.23,5.6,67.2,53.12,-0.1,72.4,53.16,-0.1,72.4,52.63,1.28,72.4,53.2,1.28,72.4,53.04,-25.6,72.4,53.17,1.28,72.4,52.55,1.28,72.4,52.62,-25.6,72.4,53.38,-25.6,72.4,52.78,-25.6,72.4,53.39,-25.6,72.4,52.53,-25.6,72.4,53.26,-25.6,72.4,53.27,-25.6,72.4,53.18,-25.6,72.4,52.91,-25.6,72.4,53.14,-25.6,72.4,53.23,-25.6,72.4,53.24,-25.6,72.4,52.54,-25.6,72.4,53.04,-25.6,72.4,52.55,-25.6,72.4,53.24,-25.6,72.4,53.29,-25.6,72.4,52.59,-25.6,72.4,52.68,-25.6,72.4,52.9,-25.6,72.4,53.19,-25.6,72.4,52.48,-25.6,72.4,52.99,-25.6,72.4,53.41,-25.6,72.4,53.07,-25.6,72.4,53.41,-25.6,72.4,53.15,-25.6,72.4,52.49,-25.6,72.4,52.71,-25.6,72.4,52.53,-25.6,72.4,53.31,-25.6,72.4,52.79,-25.6,72.4,52.5,-25.6,72.4,53.3,-25.6,72.4,52.98,-25.6,72.4,53.38,-25.6,72.4,53.25,-25.6,72.4,52.65,-25.6,72.4,52.72,-25.6,72.4,52.76,-25.6,72.4,53.32,-25.6,72.4,52.8,-25.6,72.4,52.96,-25.6,72.4,53.17,-25.6,72.4,53.22,-25.6,72.4,52.56,-25.6,72.4,52.68,-25.6,72.4,52.86,-25.6,72.4,52.49,-25.6,72.4,52.88,-25.6,72.4,53.05,-25.6,72.4,53.15,-25.6,72.4,52.71,-25.6,72.4,52.62,-25.6,72.4,53.17,-25.6,72.4,52.64,-25.6,72.4,52.84,-25.6,72.4,52.52,-25.6,72.4,53.2,-25.6,72.4,52.54,-25.6,72.4,52.58,-25.6,72.4,52.77,-25.6,72.4,52.98,-25.6,72.4,52.79,-25.6,72.4,52.49,-25.6,72.4,52.88,-25.6,72.4,52.84,-25.6,72.4,52.47,-25.6,72.4,52.97,-25.6,72.4,52.9,-25.6,72.4,53.36,-25.6,72.4,52.82,-25.6,72.4,53.33,-25.6,72.4,52.47,-25.6,72.4,52.45,-25.6,72.4,52.86,-25.6,72.4,53.27,-25.6,72.4,53.3,-25.6,72.4,52.46,-25.6,72.4,52.73,-25.6,72.4,53.34,-25.6,72.4,53.04,-25.6,72.4,53.14,-25.6,72.4,52.8,-25.6,72.4,53.08,-25.6,72.4,53.44,-25.6,72.4,53.1,-25.6,72.4,52.55,-25.6,72.4,53.24,-25.6,72.4,50.96,-25.6,72.4,48.93